Sr.no,Trial.no,ppid,Distance,Grasp.size,Base.hole,Hand,Status,Object,RT,MT_to_obj,MT_obj_to_tar,Total_MT
1,1,1,30cm,small,large,Right,Done,A,2231,2025,4256,6281
2,2,1,30cm,large,small,Right,Done,B,1796,2430,4226,6656
3,3,1,30cm,small,small,Right,Done,C,1259,2342,3601,5943
4,4,1,30cm,large,large,Right,Done,D,1348,2831,4179,7010
5,5,1,30cm,small,large,Right,Done,A,1088,1730,2818,4548
6,6,1,30cm,large,small,Right,Done,B,1023,2227,3250,5477
7,7,1,30cm,small,small,Right,Done,C,1165,2024,3189,5213
8,8,1,30cm,large,large,Right,Done,D,1396,2029,3425,5454
9,9,1,30cm,small,large,Right,Done,A,1555,1627,3182,4809
10,10,1,30cm,large,small,Right,Done,B,1075,1824,2899,4723
11,11,1,30cm,large,small,Right,Done,B,996,1828,2824,4652
12,12,1,30cm,small,small,Right,Done,C,1195,2025,3220,5245
13,13,1,30cm,large,large,Right,Done,D,2025,2235,4260,6495
14,14,1,30cm,small,large,Right,Done,A,1103,1421,2524,3945
15,15,1,30cm,large,small,Right,Done,B,796,1823,2619,4442
16,16,1,30cm,small,small,Right,Done,C,706,1823,2529,4352
17,17,1,30cm,large,small,Right,Done,D,1100,3442,4542,7984
18,18,1,30cm,small,large,Right,Done,A,923,1421,2344,3765
19,19,1,30cm,large,small,Right,Done,B,1136,1420,2556,3976
20,20,1,30cm,small,small,Right,Done,C,809,1826,2635,4461
21,21,1,30cm,small,small,Right,Done,C,1009,2028,3037,5065
22,22,1,30cm,large,large,Right,Done,D,899,1823,2722,4545
23,23,1,30cm,small,large,Right,Done,A,859,1621,2480,4101
24,24,1,30cm,large,small,Right,Done,B,1601,1829,3430,5259
25,25,1,30cm,small,small,Right,Done,C,929,1626,2555,4181
26,26,1,30cm,large,large,Right,Done,D,1085,1620,2705,4325
27,27,1,30cm,small,large,Right,Done,A,1024,1621,2645,4266
28,28,1,30cm,large,small,Right,Done,B,898,2431,3329,5760
29,29,1,30cm,small,small,Right,Done,C,1017,1420,2437,3857
30,30,1,30cm,large,large,Right,Done,D,1010,1634,2644,4278
31,31,1,30cm,large,large,Right,Done,D,854,1627,2481,4108
32,32,1,30cm,small,large,Right,Done,A,1098,1623,2721,4344
33,33,1,30cm,large,small,Right,Done,B,855,1623,2478,4101
34,34,1,30cm,small,small,Right,Done,C,916,1420,2336,3756
35,35,1,30cm,large,large,Right,Done,D,1191,2225,3416,5641
36,36,1,30cm,small,large,Right,Done,A,1596,1624,3220,4844
37,37,1,30cm,large,small,Right,Done,B,1095,1822,2917,4739
38,38,1,30cm,small,small,Right,Done,C,992,2027,3019,5046
39,39,1,30cm,large,large,Right,Done,D,1079,2427,3506,5933
40,40,1,30cm,small,large,Right,Done,A,1235,1823,3058,4881
41,41,1,30cm,small,large,Left,Done,A,915,2230,3145,5375
42,42,1,30cm,large,small,Left,Done,B,1289,1619,2908,4527
43,43,1,30cm,small,small,Left,Done,C,962,2428,3390,5818
44,44,1,30cm,large,large,Left,Done,D,917,2023,2940,4963
45,45,1,30cm,small,large,Left,Done,A,920,2023,2943,4966
46,46,1,30cm,large,small,Left,Done,B,1137,2226,3363,5589
47,47,1,30cm,small,small,Left,Done,C,1130,2027,3157,5184
48,48,1,30cm,large,large,Left,Done,D,1206,2023,3229,5252
49,49,1,30cm,small,large,Left,Done,A,1204,2029,3233,5262
50,50,1,30cm,large,small,Left,Done,B,922,2228,3150,5378
51,51,1,30cm,large,small,Left,Done,B,842,2032,2874,4906
52,52,1,30cm,small,small,Left,Done,C,1133,2438,3571,6009
53,53,1,30cm,large,large,Left,Done,D,946,2225,3171,5396
54,54,1,30cm,small,large,Left,Done,A,1067,2029,3096,5125
55,55,1,30cm,large,small,Left,Done,B,1147,1627,2774,4401
56,56,1,30cm,small,small,Left,Done,C,1188,1826,3014,4840
57,57,1,30cm,large,small,Left,Done,D,1630,1623,3253,4876
58,58,1,30cm,small,large,Left,Done,A,854,2229,3083,5312
59,59,1,30cm,large,small,Left,Done,B,1697,1822,3519,5341
60,60,1,30cm,small,small,Left,Done,C,1021,1707,2728,4435
61,61,1,30cm,small,small,Left,Done,C,946,1827,2773,4600
62,62,1,30cm,large,large,Left,Done,D,781,1622,2403,4025
63,63,1,30cm,small,large,Left,Done,A,1341,1830,3171,5001
64,64,1,30cm,large,small,Left,Done,B,857,2026,2883,4909
65,65,1,30cm,small,small,Left,Done,C,1017,2025,3042,5067
66,66,1,30cm,large,large,Left,Done,D,744,1824,2568,4392
67,67,1,30cm,small,large,Left,Done,A,865,1822,2687,4509
68,68,1,30cm,large,small,Left,Done,B,1540,1823,3363,5186
69,69,1,30cm,small,small,Left,Done,C,777,1826,2603,4429
70,70,1,30cm,large,large,Left,Done,D,987,2231,3218,5449
71,71,1,30cm,large,large,Left,Done,D,900,2027,2927,4954
72,72,1,30cm,small,large,Left,Done,A,793,2228,3021,5249
73,73,1,30cm,large,small,Left,Done,B,1091,2023,3114,5137
74,74,1,30cm,small,small,Left,Done,C,873,2229,3102,5331
75,75,1,30cm,large,large,Left,Done,D,1116,2632,3748,6380
76,76,1,30cm,small,large,Left,Done,A,953,2228,3181,5409
77,77,1,30cm,large,small,Left,Done,B,843,1824,2667,4491
78,78,1,30cm,small,small,Left,Done,C,812,2023,2835,4858
79,79,1,30cm,large,large,Left,Done,D,1585,2025,3610,5635
80,80,1,30cm,small,large,Left,Done,A,1221,2024,3245,5269
81,1,2,30cm,small,large,Right,Done,A,811,2229,3040,5269
82,2,2,30cm,large,small,Right,Done,B,732,1824,2556,4380
83,3,2,30cm,small,small,Right,Done,C,614,1621,2235,3856
84,4,2,30cm,large,large,Right,Done,D,659,1624,2283,3907
85,5,2,30cm,small,large,Right,Done,A,587,1218,1805,3023
86,6,2,30cm,large,small,Right,Done,B,652,1418,2070,3488
87,7,2,30cm,small,small,Right,Done,C,663,1420,2083,3503
88,8,2,30cm,large,large,Right,Done,D,705,1622,2327,3949
89,9,2,30cm,small,large,Right,Done,A,690,1621,2311,3932
90,10,2,30cm,large,small,Right,Done,B,691,5660,6351,12011
91,11,2,30cm,large,small,Right,Done,B,642,2022,2664,4686
92,12,2,30cm,small,small,Right,Done,C,758,1222,1980,3202
93,13,2,30cm,large,large,Right,Done,D,759,2431,3190,5621
94,14,2,30cm,small,large,Right,Done,A,755,1623,2378,4001
95,15,2,30cm,large,small,Right,Done,B,577,1216,1793,3009
96,16,2,30cm,small,small,Right,Done,C,649,1627,2276,3903
97,17,2,30cm,large,small,Right,Done,D,888,1218,2106,3324
98,18,2,30cm,small,large,Right,Done,A,603,4246,4849,9095
99,19,2,30cm,large,small,Right,Done,B,845,1619,2464,4083
100,20,2,30cm,small,small,Right,Done,C,1046,1831,2877,4708
101,21,2,30cm,small,small,Right,Done,C,609,1623,2232,3855
102,22,2,30cm,large,large,Right,Done,D,901,2027,2928,4955
103,23,2,30cm,small,large,Right,Done,A,829,1824,2653,4477
104,24,2,30cm,large,small,Right,Done,B,740,2022,2762,4784
105,25,2,30cm,small,small,Right,Done,C,660,1418,2078,3496
106,26,2,30cm,large,large,Right,Done,D,660,1421,2081,3502
107,27,2,30cm,small,large,Right,Done,A,705,1424,2129,3553
108,28,2,30cm,large,small,Right,Done,B,809,1621,2430,4051
109,29,2,30cm,small,small,Right,Done,C,724,1626,2350,3976
110,30,2,30cm,large,large,Right,Done,D,775,1421,2196,3617
111,31,2,30cm,large,large,Right,Done,D,665,1425,2090,3515
112,32,2,30cm,small,large,Right,Done,A,717,2024,2741,4765
113,33,2,30cm,large,small,Right,Done,B,615,1421,2036,3457
114,34,2,30cm,small,small,Right,Done,C,825,1624,2449,4073
115,35,2,30cm,large,large,Right,Done,D,863,1620,2483,4103
116,36,2,30cm,small,large,Right,Done,A,1378,2025,3403,5428
117,37,2,30cm,large,small,Right,Done,B,961,2028,2989,5017
118,38,2,30cm,small,small,Right,Done,C,681,1620,2301,3921
119,39,2,30cm,large,large,Right,Done,D,762,2028,2790,4818
120,40,2,30cm,small,large,Right,Done,A,644,2025,2669,4694
121,41,2,30cm,small,large,Left,Done,A,820,1626,2446,4072
122,42,2,30cm,large,small,Left,Done,B,868,2029,2897,4926
123,43,2,30cm,small,small,Left,Done,C,862,2023,2885,4908
124,44,2,30cm,large,large,Left,Done,D,707,1824,2531,4355
125,45,2,30cm,small,large,Left,Done,A,723,2032,2755,4787
126,46,2,30cm,large,small,Left,Done,B,771,1626,2397,4023
127,47,2,30cm,small,small,Left,Done,C,615,1827,2442,4269
128,48,2,30cm,large,large,Left,Done,D,764,5054,5818,10872
129,49,2,30cm,small,large,Left,Done,A,1257,2431,3688,6119
130,50,2,30cm,large,small,Left,Done,B,752,2228,2980,5208
131,51,2,30cm,large,small,Left,Done,B,540,2229,2769,4998
132,52,2,30cm,small,small,Left,Done,C,1134,2430,3564,5994
133,53,2,30cm,large,large,Left,Done,D,718,2225,2943,5168
134,54,2,30cm,small,large,Left,Done,A,676,1821,2497,4318
135,55,2,30cm,large,small,Left,Done,B,535,1628,2163,3791
136,56,2,30cm,small,small,Left,Done,C,642,1831,2473,4304
137,57,2,30cm,large,small,Left,Done,D,827,2428,3255,5683
138,58,2,30cm,small,large,Left,Done,A,747,1823,2570,4393
139,59,2,30cm,large,small,Left,Done,B,692,1827,2519,4346
140,60,2,30cm,small,small,Left,Done,C,621,1419,2040,3459
141,61,2,30cm,small,small,Left,Done,C,810,2229,3039,5268
142,62,2,30cm,large,large,Left,Done,D,534,2226,2760,4986
143,63,2,30cm,small,large,Left,Done,A,596,1822,2418,4240
144,64,2,30cm,large,small,Left,Done,B,611,1623,2234,3857
145,65,2,30cm,small,small,Left,Done,C,697,2024,2721,4745
146,66,2,30cm,large,large,Left,Done,D,859,1825,2684,4509
147,67,2,30cm,small,large,Left,Done,A,737,1820,2557,4377
148,68,2,30cm,large,small,Left,Done,B,717,1620,2337,3957
149,69,2,30cm,small,small,Left,Done,C,779,2022,2801,4823
150,70,2,30cm,large,large,Left,Done,D,1006,3033,4039,7072
151,71,2,30cm,large,large,Left,Done,D,550,1619,2169,3788
152,72,2,30cm,small,large,Left,Done,A,843,1827,2670,4497
153,73,2,30cm,large,small,Left,Done,B,1294,2027,3321,5348
154,74,2,30cm,small,small,Left,Done,C,889,1823,2712,4535
155,75,2,30cm,large,large,Left,Done,D,863,2229,3092,5321
156,76,2,30cm,small,large,Left,Done,A,862,2243,3105,5348
157,77,2,30cm,large,small,Left,Done,B,942,2225,3167,5392
158,78,2,30cm,small,small,Left,Done,C,755,1827,2582,4409
159,79,2,30cm,large,large,Left,Done,D,913,1624,2537,4161
160,80,2,30cm,small,large,Left,Done,A,596,1619,2215,3834
161,1,3,30cm,small,large,Right,Done,A,1791,2022,3813,5835
162,2,3,30cm,large,small,Right,Done,B,826,1621,2447,4068
163,3,3,30cm,small,small,Right,Done,C,4361,1628,5989,7617
164,4,3,30cm,large,large,Right,Done,D,981,1820,2801,4621
165,5,3,30cm,small,large,Right,Done,A,913,1627,2540,4167
166,6,3,30cm,large,small,Right,Done,B,900,2027,2927,4954
167,7,3,30cm,small,small,Right,Done,C,956,1620,2576,4196
168,8,3,30cm,large,large,Right,Done,D,925,1825,2750,4575
169,9,3,30cm,small,large,Right,Done,A,891,1417,2308,3725
170,10,3,30cm,large,small,Right,Done,B,946,1821,2767,4588
171,11,3,30cm,large,small,Right,Done,B,830,1622,2452,4074
172,12,3,30cm,small,small,Right,Done,C,926,2435,3361,5796
173,13,3,30cm,large,large,Right,Done,D,874,1826,2700,4526
174,14,3,30cm,small,large,Right,Done,A,1178,2025,3203,5228
175,15,3,30cm,large,small,Right,Done,B,641,1826,2467,4293
176,16,3,30cm,small,small,Right,Done,C,795,1627,2422,4049
177,17,3,30cm,large,small,Right,Done,D,808,1418,2226,3644
178,18,3,30cm,small,large,Right,Done,A,685,1621,2306,3927
179,19,3,30cm,large,small,Right,Done,B,759,1420,2179,3599
180,20,3,30cm,small,small,Right,Done,C,790,1625,2415,4040
181,21,3,30cm,small,small,Right,Done,C,731,1826,2557,4383
182,22,3,30cm,large,large,Right,Done,D,740,1823,2563,4386
183,23,3,30cm,small,large,Right,Done,A,628,1830,2458,4288
184,24,3,30cm,large,small,Right,Done,B,940,1626,2566,4192
185,25,3,30cm,small,small,Right,Done,C,782,1620,2402,4022
186,26,3,30cm,large,large,Right,Done,D,837,1620,2457,4077
187,27,3,30cm,small,large,Right,Done,A,630,1628,2258,3886
188,28,3,30cm,large,small,Right,Done,B,787,2023,2810,4833
189,29,3,30cm,small,small,Right,Done,C,785,1418,2203,3621
190,30,3,30cm,large,large,Right,Done,D,803,1623,2426,4049
191,31,3,30cm,large,large,Right,Done,D,755,1620,2375,3995
192,32,3,30cm,small,large,Right,Done,A,794,1624,2418,4042
193,33,3,30cm,large,small,Right,Done,B,2728,1218,3946,5164
194,34,3,30cm,small,small,Right,Done,C,816,1419,2235,3654
195,35,3,30cm,large,large,Right,Done,D,1192,1620,2812,4432
196,36,3,30cm,small,large,Right,Done,A,1039,2026,3065,5091
197,37,3,30cm,large,small,Right,Done,B,904,1822,2726,4548
198,38,3,30cm,small,small,Right,Done,C,1066,1621,2687,4308
199,39,3,30cm,large,large,Right,Done,D,959,1824,2783,4607
200,40,3,30cm,small,large,Right,Done,A,758,1824,2582,4406
201,41,3,30cm,small,large,Left,Done,A,831,1827,2658,4485
202,42,3,30cm,large,small,Left,Done,B,902,2226,3128,5354
203,43,3,30cm,small,small,Left,Done,C,921,2031,2952,4983
204,44,3,30cm,large,large,Left,Done,D,915,1824,2739,4563
205,45,3,30cm,small,large,Left,Done,A,853,2231,3084,5315
206,46,3,30cm,large,small,Left,Done,B,1288,1824,3112,4936
207,47,3,30cm,small,small,Left,Done,C,788,1829,2617,4446
208,48,3,30cm,large,large,Left,Done,D,979,2029,3008,5037
209,49,3,30cm,small,large,Left,Done,A,1178,2227,3405,5632
210,50,3,30cm,large,small,Left,Done,B,1068,2023,3091,5114
211,51,3,30cm,large,small,Left,Done,B,917,1620,2537,4157
212,52,3,30cm,small,small,Left,Done,C,905,2026,2931,4957
213,53,3,30cm,large,large,Left,Done,D,816,1823,2639,4462
214,54,3,30cm,small,large,Left,Done,A,884,2026,2910,4936
215,55,3,30cm,large,small,Left,Done,B,983,2024,3007,5031
216,56,3,30cm,small,small,Left,Done,C,953,2023,2976,4999
217,57,3,30cm,large,small,Left,Done,D,1278,1824,3102,4926
218,58,3,30cm,small,large,Left,Done,A,749,1825,2574,4399
219,59,3,30cm,large,small,Left,Done,B,774,2026,2800,4826
220,60,3,30cm,small,small,Left,Done,C,951,2026,2977,5003
221,61,3,30cm,small,small,Left,Done,C,964,1825,2789,4614
222,62,3,30cm,large,large,Left,Done,D,861,1827,2688,4515
223,63,3,30cm,small,large,Left,Done,A,1089,1625,2714,4339
224,64,3,30cm,large,small,Left,Done,B,894,2028,2922,4950
225,65,3,30cm,small,small,Left,Done,C,835,1824,2659,4483
226,66,3,30cm,large,large,Left,Done,D,896,2429,3325,5754
227,67,3,30cm,small,large,Left,Done,A,1549,1830,3379,5209
228,68,3,30cm,large,small,Left,Done,B,1028,1622,2650,4272
229,69,3,30cm,small,small,Left,Done,C,746,1832,2578,4410
230,70,3,30cm,large,large,Left,Done,D,803,2030,2833,4863
231,71,3,30cm,large,large,Left,Done,D,716,1824,2540,4364
232,72,3,30cm,small,large,Left,Done,A,875,1825,2700,4525
233,73,3,30cm,large,small,Left,Done,B,989,2025,3014,5039
234,74,3,30cm,small,small,Left,Done,C,769,2025,2794,4819
235,75,3,30cm,large,large,Left,Done,D,868,2023,2891,4914
236,76,3,30cm,small,large,Left,Done,A,832,2023,2855,4878
237,77,3,30cm,large,small,Left,Done,B,1004,2230,3234,5464
238,78,3,30cm,small,small,Left,Done,C,838,1826,2664,4490
239,79,3,30cm,large,large,Left,Done,D,1089,1825,2914,4739
240,80,3,30cm,small,large,Left,Done,A,1078,1824,2902,4726
241,1,4,30cm,small,large,Right,Done,A,1034,1420,2454,3874
242,2,4,30cm,large,small,Right,Done,B,1020,1623,2643,4266
243,3,4,30cm,small,small,Right,Done,C,737,1221,1958,3179
244,4,4,30cm,large,large,Right,Done,D,913,1419,2332,3751
245,5,4,30cm,small,large,Right,Done,A,706,1219,1925,3144
246,6,4,30cm,large,small,Right,Done,B,688,2024,2712,4736
247,7,4,30cm,small,small,Right,Done,C,842,1218,2060,3278
248,8,4,30cm,large,large,Right,Done,D,1210,1424,2634,4058
249,9,4,30cm,small,large,Right,Done,A,861,1213,2074,3287
250,10,4,30cm,large,small,Right,Done,B,727,1827,2554,4381
251,11,4,30cm,large,small,Right,Done,B,866,1622,2488,4110
252,12,4,30cm,small,small,Right,Done,C,765,3838,4603,8441
253,13,4,30cm,large,large,Right,Done,D,1049,2030,3079,5109
254,14,4,30cm,small,large,Right,Done,A,764,1619,2383,4002
255,15,4,30cm,large,small,Right,Done,B,763,1822,2585,4407
256,16,4,30cm,small,small,Right,Done,C,848,2426,3274,5700
257,17,4,30cm,large,small,Right,Done,D,564,2429,2993,5422
258,18,4,30cm,small,large,Right,Done,A,1183,1214,2397,3611
259,19,4,30cm,large,small,Right,Done,B,897,1421,2318,3739
260,20,4,30cm,small,small,Right,Done,C,971,1420,2391,3811
261,21,4,30cm,small,small,Right,Done,C,663,1216,1879,3095
262,22,4,30cm,large,large,Right,Done,D,802,1826,2628,4454
263,23,4,30cm,small,large,Right,Done,A,762,1217,1979,3196
264,24,4,30cm,large,small,Right,Done,B,860,1217,2077,3294
265,25,4,30cm,small,small,Right,Done,C,579,1424,2003,3427
266,26,4,30cm,large,large,Right,Done,D,818,2026,2844,4870
267,27,4,30cm,small,large,Right,Done,A,812,3036,3848,6884
268,28,4,30cm,large,small,Right,Done,B,781,1428,2209,3637
269,29,4,30cm,small,small,Right,Done,C,760,1014,1774,2788
270,30,4,30cm,large,large,Right,Done,D,828,1419,2247,3666
271,31,4,30cm,large,large,Right,Done,D,748,1422,2170,3592
272,32,4,30cm,small,large,Right,Done,A,969,1421,2390,3811
273,33,4,30cm,large,small,Right,Done,B,705,1012,1717,2729
274,34,4,30cm,small,small,Right,Done,C,794,1222,2016,3238
275,35,4,30cm,large,large,Right,Done,D,1017,1622,2639,4261
276,36,4,30cm,small,large,Right,Done,A,1213,2031,3244,5275
277,37,4,30cm,large,small,Right,Done,B,883,2027,2910,4937
278,38,4,30cm,small,small,Right,Done,C,824,10719,11543,22262
279,39,4,30cm,large,large,Right,Done,D,967,1421,2388,3809
280,40,4,30cm,small,large,Right,Done,A,650,2231,2881,5112
281,41,4,30cm,small,large,Left,Done,A,2084,3234,5318,8552
282,42,4,30cm,large,small,Left,Done,B,995,1419,2414,3833
283,43,4,30cm,small,small,Left,Done,C,1039,2225,3264,5489
284,44,4,30cm,large,large,Left,Done,D,799,2024,2823,4847
285,45,4,30cm,small,large,Left,Done,A,778,1827,2605,4432
286,46,4,30cm,large,small,Left,Done,B,865,1419,2284,3703
287,47,4,30cm,small,small,Left,Done,C,768,1623,2391,4014
288,48,4,30cm,large,large,Left,Done,D,924,1420,2344,3764
289,49,4,30cm,small,large,Left,Done,A,1281,1828,3109,4937
290,50,4,30cm,large,small,Left,Done,B,851,1620,2471,4091
291,51,4,30cm,large,small,Left,Done,B,907,1418,2325,3743
292,52,4,30cm,small,small,Left,Done,C,864,5456,6320,11776
293,53,4,30cm,large,large,Left,Done,D,697,3435,4132,7567
294,54,4,30cm,small,large,Left,Done,A,895,2030,2925,4955
295,55,4,30cm,large,small,Left,Done,B,769,2032,2801,4833
296,56,4,30cm,small,small,Left,Done,C,883,1219,2102,3321
297,57,4,30cm,large,small,Left,Done,D,1122,1619,2741,4360
298,58,4,30cm,small,large,Left,Done,A,885,3035,3920,6955
299,59,4,30cm,large,small,Left,Done,B,994,1830,2824,4654
300,60,4,30cm,small,small,Left,Done,C,718,2024,2742,4766
301,61,4,30cm,small,small,Left,Done,C,719,1626,2345,3971
302,62,4,30cm,large,large,Left,Done,D,596,3244,3840,7084
303,63,4,30cm,small,large,Left,Done,A,1253,1822,3075,4897
304,64,4,30cm,large,small,Left,Done,B,1147,1826,2973,4799
305,65,4,30cm,small,small,Left,Done,C,1091,2431,3522,5953
306,66,4,30cm,large,large,Left,Done,D,801,2225,3026,5251
307,67,4,30cm,small,large,Left,Done,A,960,1823,2783,4606
308,68,4,30cm,large,small,Left,Done,B,771,1222,1993,3215
309,69,4,30cm,small,small,Left,Done,C,985,2029,3014,5043
310,70,4,30cm,large,large,Left,Done,D,951,1625,2576,4201
311,71,4,30cm,large,large,Left,Done,D,643,2637,3280,5917
312,72,4,30cm,small,large,Left,Done,A,795,1820,2615,4435
313,73,4,30cm,large,small,Left,Done,B,829,1625,2454,4079
314,74,4,30cm,small,small,Left,Done,C,948,1417,2365,3782
315,75,4,30cm,large,large,Left,Done,D,1206,1824,3030,4854
316,76,4,30cm,small,large,Left,Done,A,756,1422,2178,3600
317,77,4,30cm,large,small,Left,Done,B,703,2630,3333,5963
318,78,4,30cm,small,small,Left,Done,C,843,1417,2260,3677
319,79,4,30cm,large,large,Left,Done,D,1007,1224,2231,3455
320,80,4,30cm,small,large,Left,Done,A,933,1417,2350,3767
321,1,5,30cm,small,large,Right,Done,A,995,1425,2420,3845
322,2,5,30cm,large,small,Right,Done,B,967,2229,3196,5425
323,3,5,30cm,small,small,Right,Done,C,939,1417,2356,3773
324,4,5,30cm,large,large,Right,Done,D,796,1420,2216,3636
325,5,5,30cm,small,large,Right,Done,A,681,1215,1896,3111
326,6,5,30cm,large,small,Right,Done,B,760,1216,1976,3192
327,7,5,30cm,small,small,Right,Done,C,643,1623,2266,3889
328,8,5,30cm,large,large,Right,Done,D,773,1622,2395,4017
329,9,5,30cm,small,large,Right,Done,A,639,1420,2059,3479
330,10,5,30cm,large,small,Right,Done,B,740,1417,2157,3574
331,11,5,30cm,large,small,Right,Done,B,1028,1218,2246,3464
332,12,5,30cm,small,small,Right,Done,C,836,1217,2053,3270
333,13,5,30cm,large,large,Right,Done,D,752,2224,2976,5200
334,14,5,30cm,small,large,Right,Done,A,825,1422,2247,3669
335,15,5,30cm,large,small,Right,Done,B,835,1420,2255,3675
336,16,5,30cm,small,small,Right,Done,C,601,1415,2016,3431
337,17,5,30cm,large,small,Right,Done,D,808,1226,2034,3260
338,18,5,30cm,small,large,Right,Done,A,563,2027,2590,4617
339,19,5,30cm,large,small,Right,Done,B,702,1619,2321,3940
340,20,5,30cm,small,small,Right,Done,C,837,1418,2255,3673
341,21,5,30cm,small,small,Right,Done,C,743,1422,2165,3587
342,22,5,30cm,large,large,Right,Done,D,806,1421,2227,3648
343,23,5,30cm,small,large,Right,Done,A,661,1221,1882,3103
344,24,5,30cm,large,small,Right,Done,B,1080,1418,2498,3916
345,25,5,30cm,small,small,Right,Done,C,641,1217,1858,3075
346,26,5,30cm,large,large,Right,Done,D,792,1426,2218,3644
347,27,5,30cm,small,large,Right,Done,A,750,1420,2170,3590
348,28,5,30cm,large,small,Right,Done,B,742,1224,1966,3190
349,29,5,30cm,small,small,Right,Done,C,764,1218,1982,3200
350,30,5,30cm,large,large,Right,Done,D,648,2226,2874,5100
351,31,5,30cm,large,large,Right,Done,D,1163,1439,2602,4041
352,32,5,30cm,small,large,Right,Done,A,875,1417,2292,3709
353,33,5,30cm,large,small,Right,Done,B,715,1216,1931,3147
354,34,5,30cm,small,small,Right,Done,C,914,1218,2132,3350
355,35,5,30cm,large,large,Right,Done,D,1153,1417,2570,3987
356,36,5,30cm,small,large,Right,Done,A,958,1848,2806,4654
357,37,5,30cm,large,small,Right,Done,B,847,1823,2670,4493
358,38,5,30cm,small,small,Right,Done,C,808,1420,2228,3648
359,39,5,30cm,large,large,Right,Done,D,907,1622,2529,4151
360,40,5,30cm,small,large,Right,Done,A,891,1622,2513,4135
361,41,5,30cm,small,large,Left,Done,A,1037,2428,3465,5893
362,42,5,30cm,large,small,Left,Done,B,839,1417,2256,3673
363,43,5,30cm,small,small,Left,Done,C,1755,1821,3576,5397
364,44,5,30cm,large,large,Left,Done,D,622,1419,2041,3460
365,45,5,30cm,small,large,Left,Done,A,674,1626,2300,3926
366,46,5,30cm,large,small,Left,Done,B,1368,1421,2789,4210
367,47,5,30cm,small,small,Left,Done,C,834,1215,2049,3264
368,48,5,30cm,large,large,Left,Done,D,896,4249,5145,9394
369,49,5,30cm,small,large,Left,Done,A,896,1837,2733,4570
370,50,5,30cm,large,small,Left,Done,B,1089,1624,2713,4337
371,51,5,30cm,large,small,Left,Done,B,654,1418,2072,3490
372,52,5,30cm,small,small,Left,Done,C,784,1619,2403,4022
373,53,5,30cm,large,large,Left,Done,D,821,1418,2239,3657
374,54,5,30cm,small,large,Left,Done,A,701,2024,2725,4749
375,55,5,30cm,large,small,Left,Done,B,808,1620,2428,4048
376,56,5,30cm,small,small,Left,Done,C,704,1215,1919,3134
377,57,5,30cm,large,small,Left,Done,D,1423,1420,2843,4263
378,58,5,30cm,small,large,Left,Done,A,700,1415,2115,3530
379,59,5,30cm,large,small,Left,Done,B,553,1822,2375,4197
380,60,5,30cm,small,small,Left,Done,C,691,1215,1906,3121
381,61,5,30cm,small,small,Left,Done,C,804,1420,2224,3644
382,62,5,30cm,large,large,Left,Done,D,686,1621,2307,3928
383,63,5,30cm,small,large,Left,Done,A,819,1217,2036,3253
384,64,5,30cm,large,small,Left,Done,B,770,1216,1986,3202
385,65,5,30cm,small,small,Left,Done,C,598,1627,2225,3852
386,66,5,30cm,large,large,Left,Done,D,630,1420,2050,3470
387,67,5,30cm,small,large,Left,Done,A,858,1419,2277,3696
388,68,5,30cm,large,small,Left,Done,B,1021,1418,2439,3857
389,69,5,30cm,small,small,Left,Done,C,836,1624,2460,4084
390,70,5,30cm,large,large,Left,Done,D,907,2024,2931,4955
391,71,5,30cm,large,large,Left,Done,D,536,1822,2358,4180
392,72,5,30cm,small,large,Left,Done,A,881,1430,2311,3741
393,73,5,30cm,large,small,Left,Done,B,952,1510,2462,3972
394,74,5,30cm,small,small,Left,Done,C,1129,1546,2675,4221
395,75,5,30cm,large,large,Left,Done,D,930,2635,3565,6200
396,76,5,30cm,small,large,Left,Done,A,916,1827,2743,4570
397,77,5,30cm,large,small,Left,Done,B,1274,2227,3501,5728
398,78,5,30cm,small,small,Left,Done,C,959,4246,5205,9451
399,79,5,30cm,large,large,Left,Done,D,999,1215,2214,3429
400,80,5,30cm,small,large,Left,Done,A,990,2830,3820,6650
401,1,6,30cm,small,large,Right,Done,A,1516,1621,3137,4758
402,2,6,30cm,large,small,Right,Done,B,702,2033,2735,4768
403,3,6,30cm,small,small,Right,Done,C,869,1218,2087,3305
404,4,6,30cm,large,large,Right,Done,D,636,1625,2261,3886
405,5,6,30cm,small,large,Right,Done,A,931,1216,2147,3363
406,6,6,30cm,large,small,Right,Done,B,848,1825,2673,4498
407,7,6,30cm,small,small,Right,Done,C,963,1217,2180,3397
408,8,6,30cm,large,large,Right,Done,D,985,1420,2405,3825
409,9,6,30cm,small,large,Right,Done,A,952,1014,1966,2980
410,10,6,30cm,large,small,Right,Done,B,485,2227,2712,4939
411,11,6,30cm,large,small,Right,Done,B,747,1417,2164,3581
412,12,6,30cm,small,small,Right,Done,C,812,2030,2842,4872
413,13,6,30cm,large,large,Right,Done,D,637,2024,2661,4685
414,14,6,30cm,small,large,Right,Done,A,592,1418,2010,3428
415,15,6,30cm,large,small,Right,Done,B,563,1418,1981,3399
416,16,6,30cm,small,small,Right,Done,C,769,2427,3196,5623
417,17,6,30cm,large,small,Right,Done,D,660,1425,2085,3510
418,18,6,30cm,small,large,Right,Done,A,917,1216,2133,3349
419,19,6,30cm,large,small,Right,Done,B,817,1831,2648,4479
420,20,6,30cm,small,small,Right,Done,C,570,1823,2393,4216
421,21,6,30cm,small,small,Right,Done,C,1012,1221,2233,3454
422,22,6,30cm,large,large,Right,Done,D,1597,1620,3217,4837
423,23,6,30cm,small,large,Right,Done,A,652,1418,2070,3488
424,24,6,30cm,large,small,Right,Done,B,675,1421,2096,3517
425,25,6,30cm,small,small,Right,Done,C,754,1422,2176,3598
426,26,6,30cm,large,large,Right,Done,D,1285,1622,2907,4529
427,27,6,30cm,small,large,Right,Done,A,834,1621,2455,4076
428,28,6,30cm,large,small,Right,Done,B,668,1418,2086,3504
429,29,6,30cm,small,small,Right,Done,C,1106,1215,2321,3536
430,30,6,30cm,large,large,Right,Done,D,732,1821,2553,4374
431,31,6,30cm,large,large,Right,Done,D,884,1218,2102,3320
432,32,6,30cm,small,large,Right,Done,A,948,1220,2168,3388
433,33,6,30cm,large,small,Right,Done,B,634,1631,2265,3896
434,34,6,30cm,small,small,Right,Done,C,911,1420,2331,3751
435,35,6,30cm,large,large,Right,Done,D,631,1222,1853,3075
436,36,6,30cm,small,large,Right,Done,A,597,1821,2418,4239
437,37,6,30cm,large,small,Right,Done,B,561,1823,2384,4207
438,38,6,30cm,small,small,Right,Done,C,633,1619,2252,3871
439,39,6,30cm,large,large,Right,Done,D,862,2429,3291,5720
440,40,6,30cm,small,large,Right,Done,A,546,2228,2774,5002
441,41,6,30cm,small,large,Left,Done,A,573,1420,1993,3413
442,42,6,30cm,large,small,Left,Done,B,572,1418,1990,3408
443,43,6,30cm,small,small,Left,Done,C,781,1420,2201,3621
444,44,6,30cm,large,large,Left,Done,D,580,3256,3836,7092
445,45,6,30cm,small,large,Left,Done,A,114,2831,2945,5776
446,46,6,30cm,large,small,Left,Done,B,842,1620,2462,4082
447,47,6,30cm,small,small,Left,Done,C,947,1223,2170,3393
448,48,6,30cm,large,large,Left,Done,D,821,1822,2643,4465
449,49,6,30cm,small,large,Left,Done,A,956,1622,2578,4200
450,50,6,30cm,large,small,Left,Done,B,684,1421,2105,3526
451,51,6,30cm,large,small,Left,Done,B,948,1619,2567,4186
452,52,6,30cm,small,small,Left,Done,C,569,1217,1786,3003
453,53,6,30cm,large,large,Left,Done,D,559,1418,1977,3395
454,54,6,30cm,small,large,Left,Done,A,539,1219,1758,2977
455,55,6,30cm,large,small,Left,Done,B,502,1825,2327,4152
456,56,6,30cm,small,small,Left,Done,C,941,1621,2562,4183
457,57,6,30cm,large,small,Left,Done,D,611,1423,2034,3457
458,58,6,30cm,small,large,Left,Done,A,549,1823,2372,4195
459,59,6,30cm,large,small,Left,Done,B,1125,5265,6390,11655
460,60,6,30cm,small,small,Left,Done,C,810,1222,2032,3254
461,61,6,30cm,small,small,Left,Done,C,638,2023,2661,4684
462,62,6,30cm,large,large,Left,Done,D,743,2029,2772,4801
463,63,6,30cm,small,large,Left,Done,A,726,1820,2546,4366
464,64,6,30cm,large,small,Left,Done,B,620,1423,2043,3466
465,65,6,30cm,small,small,Left,Done,C,820,1420,2240,3660
466,66,6,30cm,large,large,Left,Done,D,625,1621,2246,3867
467,67,6,30cm,small,large,Left,Done,A,487,2026,2513,4539
468,68,6,30cm,large,small,Left,Done,B,578,2028,2606,4634
469,69,6,30cm,small,small,Left,Done,C,467,2232,2699,4931
470,70,6,30cm,large,large,Left,Done,D,640,1425,2065,3490
471,71,6,30cm,large,large,Left,Done,D,552,1628,2180,3808
472,72,6,30cm,small,large,Left,Done,A,591,1420,2011,3431
473,73,6,30cm,large,small,Left,Done,B,513,1822,2335,4157
474,74,6,30cm,small,small,Left,Done,C,591,2024,2615,4639
475,75,6,30cm,large,large,Left,Done,D,538,1822,2360,4182
476,76,6,30cm,small,large,Left,Done,A,620,1823,2443,4266
477,77,6,30cm,large,small,Left,Done,B,647,1625,2272,3897
478,78,6,30cm,small,small,Left,Done,C,598,1418,2016,3434
479,79,6,30cm,large,large,Left,Done,D,537,2024,2561,4585
480,80,6,30cm,small,large,Left,Done,A,2151,1621,3772,5393
481,1,7,30cm,small,large,Right,done,A,927,1417,2344,3761
482,2,7,30cm,large,small,Right,done,B,665,1220,1885,3105
483,3,7,30cm,small,small,Right,done,C,704,1219,1923,3142
484,4,7,30cm,large,large,Right,done,D,500,1426,1926,3352
485,5,7,30cm,small,large,Right,done,A,471,1219,1690,2909
486,6,7,30cm,large,small,Right,done,B,460,1419,1879,3298
487,7,7,30cm,small,small,Right,done,C,486,1621,2107,3728
488,8,7,30cm,large,large,Right,done,D,580,1621,2201,3822
489,9,7,30cm,small,large,Right,done,A,523,1427,1950,3377
490,10,7,30cm,large,small,Right,done,B,580,1420,2000,3420
491,11,7,30cm,large,small,Right,done,B,940,1423,2363,3786
492,12,7,30cm,small,small,Right,done,C,890,1418,2308,3726
493,13,7,30cm,large,large,Right,done,D,668,1419,2087,3506
494,14,7,30cm,small,large,Right,done,A,848,2024,2872,4896
495,15,7,30cm,large,small,Right,done,B,611,1418,2029,3447
496,16,7,30cm,small,small,Right,done,C,714,1421,2135,3556
497,17,7,30cm,large,small,Right,done,D,519,1019,1538,2557
498,18,7,30cm,small,large,Right,done,A,544,1417,1961,3378
499,19,7,30cm,large,small,Right,done,B,813,1420,2233,3653
500,20,7,30cm,small,small,Right,done,C,520,1217,1737,2954
501,21,7,30cm,small,small,Right,done,C,567,1824,2391,4215
502,22,7,30cm,large,large,Right,done,D,584,1826,2410,4236
503,23,7,30cm,small,large,Right,done,A,562,1426,1988,3414
504,24,7,30cm,large,small,Right,done,B,682,2031,2713,4744
505,25,7,30cm,small,small,Right,done,C,464,1217,1681,2898
506,26,7,30cm,large,large,Right,done,D,520,2025,2545,4570
507,27,7,30cm,small,large,Right,done,A,513,1418,1931,3349
508,28,7,30cm,large,small,Right,done,B,532,1421,1953,3374
509,29,7,30cm,small,small,Right,done,C,464,1421,1885,3306
510,30,7,30cm,large,large,Right,done,D,454,1823,2277,4100
511,31,7,30cm,large,large,Right,done,D,621,1425,2046,3471
512,32,7,30cm,small,large,Right,done,A,539,1624,2163,3787
513,33,7,30cm,large,small,Right,done,B,680,1825,2505,4330
514,34,7,30cm,small,small,Right,done,C,599,1830,2429,4259
515,35,7,30cm,large,large,Right,done,D,587,1423,2010,3433
516,36,7,30cm,small,large,Right,done,A,536,2023,2559,4582
517,37,7,30cm,large,small,Right,done,B,493,1621,2114,3735
518,38,7,30cm,small,small,Right,done,C,467,1218,1685,2903
519,39,7,30cm,large,large,Right,done,D,709,2024,2733,4757
520,40,7,30cm,small,large,Right,done,A,642,1620,2262,3882
521,41,7,30cm,small,large,Left,done,A,674,1824,2498,4322
522,42,7,30cm,large,small,Left,done,B,508,1217,1725,2942
523,43,7,30cm,small,small,Left,done,C,472,1826,2298,4124
524,44,7,30cm,large,large,Left,done,D,478,1418,1896,3314
525,45,7,30cm,small,large,Left,done,A,344,1223,1567,2790
526,46,7,30cm,large,small,Left,done,B,611,1222,1833,3055
527,47,7,30cm,small,small,Left,done,C,490,1424,1914,3338
528,48,7,30cm,large,large,Left,done,D,407,1418,1825,3243
529,49,7,30cm,small,large,Left,done,A,1954,1618,3572,5190
530,50,7,30cm,large,small,Left,done,B,599,2223,2822,5045
531,51,7,30cm,large,small,Left,done,B,516,1619,2135,3754
532,52,7,30cm,small,small,Left,done,C,471,1224,1695,2919
533,53,7,30cm,large,large,Left,done,D,457,1217,1674,2891
534,54,7,30cm,small,large,Left,done,A,469,1223,1692,2915
535,55,7,30cm,large,small,Left,done,B,434,1418,1852,3270
536,56,7,30cm,small,small,Left,done,C,460,1421,1881,3302
537,57,7,30cm,large,small,Left,done,D,552,2026,2578,4604
538,58,7,30cm,small,large,Left,done,A,478,1217,1695,2912
539,59,7,30cm,large,small,Left,done,B,505,2430,2935,5365
540,60,7,30cm,small,small,Left,done,C,487,1217,1704,2921
541,61,7,30cm,small,small,Left,done,C,649,1424,2073,3497
542,62,7,30cm,large,large,Left,done,D,488,1418,1906,3324
543,63,7,30cm,small,large,Left,done,A,511,1828,2339,4167
544,64,7,30cm,large,small,Left,done,B,515,3032,3547,6579
545,65,7,30cm,small,small,Left,done,C,537,4452,4989,9441
546,66,7,30cm,large,large,Left,done,D,388,1419,1807,3226
547,67,7,30cm,small,large,Left,done,A,704,1420,2124,3544
548,68,7,30cm,large,small,Left,done,B,523,1219,1742,2961
549,69,7,30cm,small,small,Left,done,C,492,1217,1709,2926
550,70,7,30cm,large,large,Left,done,D,450,1823,2273,4096
551,71,7,30cm,large,large,Left,done,D,497,2026,2523,4549
552,72,7,30cm,small,large,Left,done,A,685,1621,2306,3927
553,73,7,30cm,large,small,Left,done,B,493,1017,1510,2527
554,74,7,30cm,small,small,Left,done,C,706,2661,3367,6028
555,75,7,30cm,large,large,Left,done,D,704,1218,1922,3140
556,76,7,30cm,small,large,Left,done,A,343,2021,2364,4385
557,77,7,30cm,large,small,Left,done,B,443,1619,2062,3681
558,78,7,30cm,small,small,Left,done,C,509,1622,2131,3753
559,79,7,30cm,large,large,Left,done,D,569,1624,2193,3817
560,80,7,30cm,small,large,Left,done,A,827,1630,2457,4087
561,1,8,30cm,small,large,Right,done,A,506,1625,2131,3756
562,2,8,30cm,large,small,Right,done,B,490,1419,1909,3328
563,3,8,30cm,small,small,Right,done,C,599,1418,2017,3435
564,4,8,30cm,large,large,Right,done,D,630,2831,3461,6292
565,5,8,30cm,small,large,Right,done,A,541,1216,1757,2973
566,6,8,30cm,large,small,Right,done,B,458,1821,2279,4100
567,7,8,30cm,small,small,Right,done,C,529,1419,1948,3367
568,8,8,30cm,large,large,Right,done,D,561,1223,1784,3007
569,9,8,30cm,small,large,Right,done,A,518,1219,1737,2956
570,10,8,30cm,large,small,Right,done,B,600,1016,1616,2632
571,11,8,30cm,large,small,Right,done,B,526,1222,1748,2970
572,12,8,30cm,small,small,Right,done,C,560,1219,1779,2998
573,13,8,30cm,large,large,Right,done,D,417,2028,2445,4473
574,14,8,30cm,small,large,Right,done,A,553,1418,1971,3389
575,15,8,30cm,large,small,Right,done,B,498,1218,1716,2934
576,16,8,30cm,small,small,Right,done,C,806,1216,2022,3238
577,17,8,30cm,large,small,Right,done,D,458,1020,1478,2498
578,18,8,30cm,small,large,Right,done,A,442,1822,2264,4086
579,19,8,30cm,large,small,Right,done,B,589,1229,1818,3047
580,20,8,30cm,small,small,Right,done,C,539,1424,1963,3387
581,21,8,30cm,small,small,Right,done,C,514,1017,1531,2548
582,22,8,30cm,large,large,Right,done,D,538,1016,1554,2570
583,23,8,30cm,small,large,Right,done,A,463,1418,1881,3299
584,24,8,30cm,large,small,Right,done,B,437,1422,1859,3281
585,25,8,30cm,small,small,Right,done,C,487,1220,1707,2927
586,26,8,30cm,large,large,Right,done,D,492,1022,1514,2536
587,27,8,30cm,small,large,Right,done,A,609,1418,2027,3445
588,28,8,30cm,large,small,Right,done,B,530,1419,1949,3368
589,29,8,30cm,small,small,Right,done,C,6,1218,1224,2442
590,30,8,30cm,large,large,Right,done,D,449,1217,1666,2883
591,31,8,30cm,large,large,Right,done,D,533,1014,1547,2561
592,32,8,30cm,small,large,Right,done,A,550,1015,1565,2580
593,33,8,30cm,large,small,Right,done,B,474,1624,2098,3722
594,34,8,30cm,small,small,Right,done,C,480,1219,1699,2918
595,35,8,30cm,large,large,Right,done,D,477,1421,1898,3319
596,36,8,30cm,small,large,Right,done,A,448,1826,2274,4100
597,37,8,30cm,large,small,Right,done,B,715,2228,2943,5171
598,38,8,30cm,small,small,Right,done,C,554,1828,2382,4210
599,39,8,30cm,large,large,Right,done,D,563,1220,1783,3003
600,40,8,30cm,small,large,Right,done,A,5,1016,1021,2037
601,41,8,30cm,small,large,Left,done,A,494,1823,2317,4140
602,42,8,30cm,large,small,Left,done,B,513,2228,2741,4969
603,43,8,30cm,small,small,Left,done,C,530,1424,1954,3378
604,44,8,30cm,large,large,Left,done,D,513,2023,2536,4559
605,45,8,30cm,small,large,Left,done,A,523,1620,2143,3763
606,46,8,30cm,large,small,Left,done,B,649,1417,2066,3483
607,47,8,30cm,small,small,Left,done,C,493,1631,2124,3755
608,48,8,30cm,large,large,Left,done,D,506,2226,2732,4958
609,49,8,30cm,small,large,Left,done,A,709,2027,2736,4763
610,50,8,30cm,large,small,Left,done,B,553,1220,1773,2993
611,51,8,30cm,large,small,Left,done,B,590,1219,1809,3028
612,52,8,30cm,small,small,Left,done,C,560,1623,2183,3806
613,53,8,30cm,large,large,Left,done,D,535,1217,1752,2969
614,54,8,30cm,small,large,Left,done,A,533,1823,2356,4179
615,55,8,30cm,large,small,Left,done,B,491,1824,2315,4139
616,56,8,30cm,small,small,Left,done,C,517,2027,2544,4571
617,57,8,30cm,large,small,Left,done,D,595,2224,2819,5043
618,58,8,30cm,small,large,Left,done,A,564,1419,1983,3402
619,59,8,30cm,large,small,Left,done,B,475,2025,2500,4525
620,60,8,30cm,small,small,Left,done,C,508,1419,1927,3346
621,61,8,30cm,small,small,Left,done,C,291,1621,1912,3533
622,62,8,30cm,large,large,Left,done,D,5,4048,4053,8101
623,63,8,30cm,small,large,Left,done,A,561,1220,1781,3001
624,64,8,30cm,large,small,Left,done,B,591,2428,3019,5447
625,65,8,30cm,small,small,Left,done,C,545,1825,2370,4195
626,66,8,30cm,large,large,Left,done,D,575,2229,2804,5033
627,67,8,30cm,small,large,Left,done,A,568,1216,1784,3000
628,68,8,30cm,large,small,Left,done,B,562,1217,1779,2996
629,69,8,30cm,small,small,Left,done,C,543,1824,2367,4191
630,70,8,30cm,large,large,Left,done,D,618,1627,2245,3872
631,71,8,30cm,large,large,Left,done,D,471,2024,2495,4519
632,72,8,30cm,small,large,Left,done,A,488,1420,1908,3328
633,73,8,30cm,large,small,Left,done,B,583,1823,2406,4229
634,74,8,30cm,small,small,Left,done,C,606,1218,1824,3042
635,75,8,30cm,large,large,Left,done,D,581,1622,2203,3825
636,76,8,30cm,small,large,Left,done,A,450,3842,4292,8134
637,77,8,30cm,large,small,Left,done,B,585,1420,2005,3425
638,78,8,30cm,small,small,Left,done,C,578,2022,2600,4622
639,79,8,30cm,large,large,Left,done,D,555,1422,1977,3399
640,80,8,30cm,small,large,Left,done,A,563,3032,3595,6627
641,1,9,30cm,small,large,Right,done,A,345,1422,1767,3189
642,2,9,30cm,large,small,Right,done,B,814,1620,2434,4054
643,3,9,30cm,small,small,Right,done,C,1487,1824,3311,5135
644,4,9,30cm,large,large,Right,done,D,603,1014,1617,2631
645,5,9,30cm,small,large,Right,done,A,534,1620,2154,3774
646,6,9,30cm,large,small,Right,done,B,553,1421,1974,3395
647,7,9,30cm,small,small,Right,done,C,582,1216,1798,3014
648,8,9,30cm,large,large,Right,done,D,541,1217,1758,2975
649,9,9,30cm,small,large,Right,done,A,588,1821,2409,4230
650,10,9,30cm,large,small,Right,done,B,586,1220,1806,3026
651,11,9,30cm,large,small,Right,done,B,704,1625,2329,3954
652,12,9,30cm,small,small,Right,done,C,874,1623,2497,4120
653,13,9,30cm,large,large,Right,done,D,938,2835,3773,6608
654,14,9,30cm,small,large,Right,done,A,1178,1419,2597,4016
655,15,9,30cm,large,small,Right,done,B,571,1216,1787,3003
656,16,9,30cm,small,small,Right,done,C,641,2429,3070,5499
657,17,9,30cm,large,small,Right,done,D,6,1619,1625,3244
658,18,9,30cm,small,large,Right,done,A,658,1216,1874,3090
659,19,9,30cm,large,small,Right,done,B,854,1424,2278,3702
660,20,9,30cm,small,small,Right,done,C,745,1624,2369,3993
661,21,9,30cm,small,small,Right,done,C,636,1215,1851,3066
662,22,9,30cm,large,large,Right,done,D,914,1218,2132,3350
663,23,9,30cm,small,large,Right,done,A,821,1619,2440,4059
664,24,9,30cm,large,small,Right,done,B,635,1822,2457,4279
665,25,9,30cm,small,small,Right,done,C,628,1622,2250,3872
666,26,9,30cm,large,large,Right,done,D,740,1417,2157,3574
667,27,9,30cm,small,large,Right,done,A,677,1015,1692,2707
668,28,9,30cm,large,small,Right,done,B,728,1420,2148,3568
669,29,9,30cm,small,small,Right,done,C,749,1024,1773,2797
670,30,9,30cm,large,large,Right,done,D,1012,1217,2229,3446
671,31,9,30cm,large,large,Right,done,D,588,1018,1606,2624
672,32,9,30cm,small,large,Right,done,A,615,1418,2033,3451
673,33,9,30cm,large,small,Right,done,B,589,1018,1607,2625
674,34,9,30cm,small,small,Right,done,C,752,1222,1974,3196
675,35,9,30cm,large,large,Right,done,D,580,2426,3006,5432
676,36,9,30cm,small,large,Right,done,A,582,2234,2816,5050
677,37,9,30cm,large,small,Right,done,B,592,1419,2011,3430
678,38,9,30cm,small,small,Right,done,C,622,1618,2240,3858
679,39,9,30cm,large,large,Right,done,D,671,2023,2694,4717
680,40,9,30cm,small,large,Right,done,A,831,1421,2252,3673
681,41,9,30cm,small,large,Left,done,A,631,1824,2455,4279
682,42,9,30cm,large,small,Left,done,B,783,1424,2207,3631
683,43,9,30cm,small,small,Left,done,C,777,1422,2199,3621
684,44,9,30cm,large,large,Left,done,D,576,1619,2195,3814
685,45,9,30cm,small,large,Left,done,A,566,1619,2185,3804
686,46,9,30cm,large,small,Left,done,B,779,1822,2601,4423
687,47,9,30cm,small,small,Left,done,C,858,1620,2478,4098
688,48,9,30cm,large,large,Left,done,D,676,1619,2295,3914
689,49,9,30cm,small,large,Left,done,A,635,2228,2863,5091
690,50,9,30cm,large,small,Left,done,B,630,1418,2048,3466
691,51,9,30cm,large,small,Left,done,B,620,1424,2044,3468
692,52,9,30cm,small,small,Left,done,C,530,1619,2149,3768
693,53,9,30cm,large,large,Left,done,D,607,1422,2029,3451
694,54,9,30cm,small,large,Left,done,A,603,2024,2627,4651
695,55,9,30cm,large,small,Left,done,B,505,1622,2127,3749
696,56,9,30cm,small,small,Left,done,C,702,1419,2121,3540
697,57,9,30cm,large,small,Left,done,D,708,2433,3141,5574
698,58,9,30cm,small,large,Left,done,A,591,1620,2211,3831
699,59,9,30cm,large,small,Left,done,B,579,1828,2407,4235
700,60,9,30cm,small,small,Left,done,C,550,1622,2172,3794
701,61,9,30cm,small,small,Left,done,C,743,2023,2766,4789
702,62,9,30cm,large,large,Left,done,D,507,1215,1722,2937
703,63,9,30cm,small,large,Left,done,A,555,2232,2787,5019
704,64,9,30cm,large,small,Left,done,B,511,1419,1930,3349
705,65,9,30cm,small,small,Left,done,C,577,1622,2199,3821
706,66,9,30cm,large,large,Left,done,D,491,1629,2120,3749
707,67,9,30cm,small,large,Left,done,A,777,1823,2600,4423
708,68,9,30cm,large,small,Left,done,B,572,1421,1993,3414
709,69,9,30cm,small,small,Left,done,C,494,1420,1914,3334
710,70,9,30cm,large,large,Left,done,D,848,2831,3679,6510
711,71,9,30cm,large,large,Left,done,D,527,1418,1945,3363
712,72,9,30cm,small,large,Left,done,A,506,2025,2531,4556
713,73,9,30cm,large,small,Left,done,B,800,1824,2624,4448
714,74,9,30cm,small,small,Left,done,C,625,2428,3053,5481
715,75,9,30cm,large,large,Left,done,D,522,1417,1939,3356
716,76,9,30cm,small,large,Left,done,A,648,2029,2677,4706
717,77,9,30cm,large,small,Left,done,B,788,1824,2612,4436
718,78,9,30cm,small,small,Left,done,C,687,1827,2514,4341
719,79,9,30cm,large,large,Left,done,D,610,2228,2838,5066
720,80,9,30cm,small,large,Left,done,A,821,2227,3048,5275
721,1,10,30cm,small,large,Right,done,A,1007,1620,2627,4247
722,2,10,30cm,large,small,Right,done,B,762,1216,1978,3194
723,3,10,30cm,small,small,Right,done,C,716,1221,1937,3158
724,4,10,30cm,large,large,Right,done,D,703,1216,1919,3135
725,5,10,30cm,small,large,Right,done,A,550,1020,1570,2590
726,6,10,30cm,large,small,Right,done,B,457,1620,2077,3697
727,7,10,30cm,small,small,Right,done,C,454,1016,1470,2486
728,8,10,30cm,large,large,Right,done,D,364,1620,1984,3604
729,9,10,30cm,small,large,Right,done,A,398,1015,1413,2428
730,10,10,30cm,large,small,Right,done,B,406,1628,2034,3662
731,11,10,30cm,large,small,Right,done,B,475,2025,2500,4525
732,12,10,30cm,small,small,Right,done,C,446,1217,1223,2440
733,13,10,30cm,large,large,Right,done,D,683,1218,1901,3119
734,14,10,30cm,small,large,Right,done,A,379,1219,1598,2817
735,15,10,30cm,large,small,Right,done,B,448,1426,1874,3300
736,16,10,30cm,small,small,Right,done,C,384,1221,1605,2826
737,17,10,30cm,large,small,Right,done,D,350,1218,1568,2786
738,18,10,30cm,small,large,Right,done,A,431,1221,1652,2873
739,19,10,30cm,large,small,Right,done,B,372,1424,1796,3220
740,20,10,30cm,small,small,Right,done,C,420,1418,1838,3256
741,21,10,30cm,small,small,Right,done,C,467,1218,1685,2903
742,22,10,30cm,large,large,Right,done,D,470,2226,2696,4922
743,23,10,30cm,small,large,Right,done,A,421,1620,2041,3661
744,24,10,30cm,large,small,Right,done,B,798,1418,2216,3634
745,25,10,30cm,small,small,Right,done,C,340,1420,1760,3180
746,26,10,30cm,large,large,Right,done,D,605,1822,2427,4249
747,27,10,30cm,small,large,Right,done,A,485,1419,1904,3323
748,28,10,30cm,large,small,Right,done,B,622,1418,2040,3458
749,29,10,30cm,small,small,Right,done,C,399,1221,1620,2841
750,30,10,30cm,large,large,Right,done,D,490,1417,1907,3324
751,31,10,30cm,large,large,Right,done,D,563,1416,1979,3395
752,32,10,30cm,small,large,Right,done,A,650,1416,2066,3482
753,33,10,30cm,large,small,Right,done,B,528,1219,1747,2966
754,34,10,30cm,small,small,Right,done,C,415,1419,1834,3253
755,35,10,30cm,large,large,Right,done,D,847,1218,2065,3283
756,36,10,30cm,small,large,Right,done,A,590,3033,3623,6656
757,37,10,30cm,large,small,Right,done,B,436,3638,4074,7712
758,38,10,30cm,small,small,Right,done,C,437,1219,1656,2875
759,39,10,30cm,large,large,Right,done,D,634,2831,3465,6296
760,40,10,30cm,small,large,Right,done,A,378,1216,1594,2810
761,41,10,30cm,small,large,Left,done,A,638,1624,2262,3886
762,42,10,30cm,large,small,Left,done,B,342,1421,1763,3184
763,43,10,30cm,small,small,Left,done,C,615,1643,2258,3901
764,44,10,30cm,large,large,Left,done,D,409,1217,1626,2843
765,45,10,30cm,small,large,Left,done,A,600,2024,2624,4648
766,46,10,30cm,large,small,Left,done,B,654,1015,1669,2684
767,47,10,30cm,small,small,Left,done,C,452,1217,1669,2886
768,48,10,30cm,large,large,Left,done,D,584,1824,2408,4232
769,49,10,30cm,small,large,Left,done,A,758,1826,2584,4410
770,50,10,30cm,large,small,Left,done,B,553,3437,3990,7427
771,51,10,30cm,large,small,Left,done,B,463,1620,2083,3703
772,52,10,30cm,small,small,Left,done,C,422,2029,2451,4480
773,53,10,30cm,large,large,Left,done,D,481,1619,2100,3719
774,54,10,30cm,small,large,Left,done,A,483,2027,2510,4537
775,55,10,30cm,large,small,Left,done,B,769,2430,3199,5629
776,56,10,30cm,small,small,Left,done,C,581,2025,2606,4631
777,57,10,30cm,large,small,Left,done,D,587,1820,2407,4227
778,58,10,30cm,small,large,Left,done,A,659,1421,2080,3501
779,59,10,30cm,large,small,Left,done,B,653,2431,3084,5515
780,60,10,30cm,small,small,Left,done,C,483,1828,2311,4139
781,61,10,30cm,small,small,Left,done,C,465,2025,2490,4515
782,62,10,30cm,large,large,Left,done,D,432,2835,3267,6102
783,63,10,30cm,small,large,Left,done,A,420,2230,2650,4880
784,64,10,30cm,large,small,Left,done,B,468,1419,1887,3306
785,65,10,30cm,small,small,Left,done,C,384,2429,2813,5242
786,66,10,30cm,large,large,Left,done,D,425,2026,2451,4477
787,67,10,30cm,small,large,Left,done,A,474,1420,1894,3314
788,68,10,30cm,large,small,Left,done,B,654,1015,1669,2684
789,69,10,30cm,small,small,Left,done,C,465,2425,2890,5315
790,70,10,30cm,large,large,Left,done,D,893,3441,4334,7775
791,71,10,30cm,large,large,Left,done,D,476,1823,2299,4122
792,72,10,30cm,small,large,Left,done,A,749,1418,2167,3585
793,73,10,30cm,large,small,Left,done,B,648,1823,2471,4294
794,74,10,30cm,small,small,Left,done,C,485,2023,2508,4531
795,75,10,30cm,large,large,Left,done,D,451,1219,1670,2889
796,76,10,30cm,small,large,Left,done,A,490,1220,1710,2930
797,77,10,30cm,large,small,Left,done,B,407,1620,2027,3647
798,78,10,30cm,small,small,Left,done,C,452,1417,1869,3286
799,79,10,30cm,large,large,Left,done,D,491,2026,2517,4543
800,80,10,30cm,small,large,Left,done,A,559,1218,1777,2995
801,1,11,30cm,small,large,Right,done,A,816,2024,2840,4864
802,2,11,30cm,large,small,Right,done,B,749,1621,2370,3991
803,3,11,30cm,small,small,Right,done,C,873,1419,2292,3711
804,4,11,30cm,large,large,Right,done,D,659,1621,2280,3901
805,5,11,30cm,small,large,Right,done,A,585,1221,1806,3027
806,6,11,30cm,large,small,Right,done,B,639,1620,2259,3879
807,7,11,30cm,small,small,Right,done,C,575,1222,1797,3019
808,8,11,30cm,large,large,Right,done,D,661,2431,3092,5523
809,9,11,30cm,small,large,Right,done,A,664,1419,2083,3502
810,10,11,30cm,large,small,Right,done,B,756,1224,1980,3204
811,11,11,30cm,large,small,Right,done,B,716,1829,2545,4374
812,12,11,30cm,small,small,Right,done,C,975,2834,3809,6643
813,13,11,30cm,large,large,Right,done,D,972,3237,4209,7446
814,14,11,30cm,small,large,Right,done,A,607,1832,2439,4271
815,15,11,30cm,large,small,Right,done,B,529,1824,2353,4177
816,16,11,30cm,small,small,Right,done,C,547,2430,2977,5407
817,17,11,30cm,large,small,Right,done,D,734,1419,2153,3572
818,18,11,30cm,small,large,Right,done,A,671,1620,2291,3911
819,19,11,30cm,large,small,Right,done,B,668,1621,2289,3910
820,20,11,30cm,small,small,Right,done,C,815,1224,2039,3263
821,21,11,30cm,small,small,Right,done,C,610,1418,2028,3446
822,22,11,30cm,large,large,Right,done,D,791,2231,3022,5253
823,23,11,30cm,small,large,Right,done,A,631,1218,1849,3067
824,24,11,30cm,large,small,Right,done,B,630,1620,2250,3870
825,25,11,30cm,small,small,Right,done,C,708,1620,2328,3948
826,26,11,30cm,large,large,Right,done,D,696,2026,2722,4748
827,27,11,30cm,small,large,Right,done,A,648,1620,2268,3888
828,28,11,30cm,large,small,Right,done,B,669,1419,2088,3507
829,29,11,30cm,small,small,Right,done,C,696,1419,2115,3534
830,30,11,30cm,large,large,Right,done,D,715,1419,2134,3553
831,31,11,30cm,large,large,Right,done,D,646,1624,2270,3894
832,32,11,30cm,small,large,Right,done,A,640,2428,3068,5496
833,33,11,30cm,large,small,Right,done,B,610,1219,1829,3048
834,34,11,30cm,small,small,Right,done,C,691,1424,2115,3539
835,35,11,30cm,large,large,Right,done,D,671,1830,2501,4331
836,36,11,30cm,small,large,Right,done,A,634,1622,2256,3878
837,37,11,30cm,large,small,Right,done,B,633,2229,2862,5091
838,38,11,30cm,small,small,Right,done,C,708,2029,2737,4766
839,39,11,30cm,large,large,Right,done,D,1044,2628,3672,6300
840,40,11,30cm,small,large,Right,done,A,793,2226,3019,5245
841,41,11,30cm,small,large,Left,done,A,917,1823,2740,4563
842,42,11,30cm,large,small,Left,done,B,708,2227,2935,5162
843,43,11,30cm,small,small,Left,done,C,767,3848,4615,8463
844,44,11,30cm,large,large,Left,done,D,724,2227,2951,5178
845,45,11,30cm,small,large,Left,done,A,798,1828,2626,4454
846,46,11,30cm,large,small,Left,done,B,605,1218,1823,3041
847,47,11,30cm,small,small,Left,done,C,695,1626,2321,3947
848,48,11,30cm,large,large,Left,done,D,729,2835,3564,6399
849,49,11,30cm,small,large,Left,done,A,1003,2630,3633,6263
850,50,11,30cm,large,small,Left,done,B,769,2632,3401,6033
851,51,11,30cm,large,small,Left,done,B,657,1826,2483,4309
852,52,11,30cm,small,small,Left,done,C,780,1620,2400,4020
853,53,11,30cm,large,large,Left,done,D,661,2224,2885,5109
854,54,11,30cm,small,large,Left,done,A,781,1422,2203,3625
855,55,11,30cm,large,small,Left,done,B,693,1620,2313,3933
856,56,11,30cm,small,small,Left,done,C,520,2023,2543,4566
857,57,11,30cm,large,small,Left,done,D,648,1418,2066,3484
858,58,11,30cm,small,large,Left,done,A,715,2226,2941,5167
859,59,11,30cm,large,small,Left,done,B,723,1623,2346,3969
860,60,11,30cm,small,small,Left,done,C,655,2023,2678,4701
861,61,11,30cm,small,small,Left,done,C,707,1826,2533,4359
862,62,11,30cm,large,large,Left,done,D,915,2028,2943,4971
863,63,11,30cm,small,large,Left,done,A,784,2231,3015,5246
864,64,11,30cm,large,small,Left,done,B,637,2021,2658,4679
865,65,11,30cm,small,small,Left,done,C,668,3037,3705,6742
866,66,11,30cm,large,large,Left,done,D,680,2026,2706,4732
867,67,11,30cm,small,large,Left,done,A,702,1824,2526,4350
868,68,11,30cm,large,small,Left,done,B,669,1622,2291,3913
869,69,11,30cm,small,small,Left,done,C,746,1825,2571,4396
870,70,11,30cm,large,large,Left,done,D,715,1824,2539,4363
871,71,11,30cm,large,large,Left,done,D,716,2023,2739,4762
872,72,11,30cm,small,large,Left,done,A,715,1418,2133,3551
873,73,11,30cm,large,small,Left,done,B,817,1827,2644,4471
874,74,11,30cm,small,small,Left,done,C,722,2635,3357,5992
875,75,11,30cm,large,large,Left,done,D,1083,2427,3510,5937
876,76,11,30cm,small,large,Left,done,A,692,1622,2314,3936
877,77,11,30cm,large,small,Left,done,B,799,2028,2827,4855
878,78,11,30cm,small,small,Left,done,C,677,3441,4118,7559
879,79,11,30cm,large,large,Left,done,D,734,1419,2153,3572
880,80,11,30cm,small,large,Left,done,A,618,1621,2239,3860
881,1,12,30cm,small,large,Right,done,A,1017,2632,3649,6281
882,2,12,30cm,large,small,Right,done,B,522,1420,1942,3362
883,3,12,30cm,small,small,Right,done,C,458,1216,1674,2890
884,4,12,30cm,large,large,Right,done,D,769,1418,2187,3605
885,5,12,30cm,small,large,Right,done,A,541,1016,1557,2573
886,6,12,30cm,large,small,Right,done,B,497,1015,1512,2527
887,7,12,30cm,small,small,Right,done,C,833,1626,2459,4085
888,8,12,30cm,large,large,Right,done,D,779,1622,2401,4023
889,9,12,30cm,small,large,Right,done,A,462,1216,1678,2894
890,10,12,30cm,large,small,Right,done,B,625,1626,2251,3877
891,11,12,30cm,large,small,Right,done,B,763,1216,1979,3195
892,12,12,30cm,small,small,Right,done,C,805,1824,2629,4453
893,13,12,30cm,large,large,Right,done,D,923,1827,2750,4577
894,14,12,30cm,small,large,Right,done,A,769,1421,2190,3611
895,15,12,30cm,large,small,Right,done,B,507,1831,2338,4169
896,16,12,30cm,small,small,Right,done,C,905,1623,2528,4151
897,17,12,30cm,large,small,Right,done,D,824,1621,2445,4066
898,18,12,30cm,small,large,Right,done,A,1201,1420,2621,4041
899,19,12,30cm,large,small,Right,done,B,571,1620,2191,3811
900,20,12,30cm,small,small,Right,done,C,747,1422,2169,3591
901,21,12,30cm,small,small,Right,done,C,615,1418,2033,3451
902,22,12,30cm,large,large,Right,done,D,841,2226,3067,5293
903,23,12,30cm,small,large,Right,done,A,645,1220,1865,3085
904,24,12,30cm,large,small,Right,done,B,548,1217,1765,2982
905,25,12,30cm,small,small,Right,done,C,589,1218,1807,3025
906,26,12,30cm,large,large,Right,done,D,536,1824,2360,4184
907,27,12,30cm,small,large,Right,done,A,600,1417,2017,3434
908,28,12,30cm,large,small,Right,done,B,1248,1622,2870,4492
909,29,12,30cm,small,small,Right,done,C,564,1420,1984,3404
910,30,12,30cm,large,large,Right,done,D,610,2026,2636,4662
911,31,12,30cm,large,large,Right,done,D,644,1420,2064,3484
912,32,12,30cm,small,large,Right,done,A,744,1216,1960,3176
913,33,12,30cm,large,small,Right,done,B,635,1821,2456,4277
914,34,12,30cm,small,small,Right,done,C,617,1621,2238,3859
915,35,12,30cm,large,large,Right,done,D,760,1624,2384,4008
916,36,12,30cm,small,large,Right,done,A,1156,2024,3180,5204
917,37,12,30cm,large,small,Right,done,B,785,1216,2001,3217
918,38,12,30cm,small,small,Right,done,C,607,3639,4246,7885
919,39,12,30cm,large,large,Right,done,D,806,2831,3637,6468
920,40,12,30cm,small,large,Right,done,A,976,2630,3606,6236
921,41,12,30cm,small,large,Left,done,A,596,2024,2620,4644
922,42,12,30cm,large,small,Left,done,B,871,1632,2503,4135
923,43,12,30cm,small,small,Left,done,C,664,2429,3093,5522
924,44,12,30cm,large,large,Left,done,D,632,2635,3267,5902
925,45,12,30cm,small,large,Left,done,A,1427,1624,3051,4675
926,46,12,30cm,large,small,Left,done,B,737,1222,1959,3181
927,47,12,30cm,small,small,Left,done,C,1023,2830,3853,6683
928,48,12,30cm,large,large,Left,done,D,1057,2829,3886,6715
929,49,12,30cm,small,large,Left,done,A,826,2027,2853,4880
930,50,12,30cm,large,small,Left,done,B,1467,2228,3695,5923
931,51,12,30cm,large,small,Left,done,B,821,1620,2441,4061
932,52,12,30cm,small,small,Left,done,C,763,2034,2797,4831
933,53,12,30cm,large,large,Left,done,D,978,2031,3009,5040
934,54,12,30cm,small,large,Left,done,A,902,3642,4544,8186
935,55,12,30cm,large,small,Left,done,B,731,2229,2960,5189
936,56,12,30cm,small,small,Left,done,C,851,2432,3283,5715
937,57,12,30cm,large,small,Left,done,D,885,1826,2711,4537
938,58,12,30cm,small,large,Left,done,A,1073,1626,2699,4325
939,59,12,30cm,large,small,Left,done,B,1308,2430,3738,6168
940,60,12,30cm,small,small,Left,done,C,810,2644,3454,6098
941,61,12,30cm,small,small,Left,done,C,530,2024,2554,4578
942,62,12,30cm,large,large,Left,done,D,737,1418,2155,3573
943,63,12,30cm,small,large,Left,done,A,697,2431,3128,5559
944,64,12,30cm,large,small,Left,done,B,1017,1628,2645,4273
945,65,12,30cm,small,small,Left,done,C,1181,3639,4820,8459
946,66,12,30cm,large,large,Left,done,D,790,2232,3022,5254
947,67,12,30cm,small,large,Left,done,A,902,2437,3339,5776
948,68,12,30cm,large,small,Left,done,B,409,1422,1831,3253
949,69,12,30cm,small,small,Left,done,C,670,4249,4919,9168
950,70,12,30cm,large,large,Left,done,D,843,2229,3072,5301
951,71,12,30cm,large,large,Left,done,D,1057,2437,3494,5931
952,72,12,30cm,small,large,Left,done,A,643,2431,3074,5505
953,73,12,30cm,large,small,Left,done,B,510,2632,3142,5774
954,74,12,30cm,small,small,Left,done,C,998,2231,3229,5460
955,75,12,30cm,large,large,Left,done,D,1102,2833,3935,6768
956,76,12,30cm,small,large,Left,done,A,808,1821,2629,4450
957,77,12,30cm,large,small,Left,done,B,768,1820,2588,4408
958,78,12,30cm,small,small,Left,done,C,624,1619,2243,3862
959,79,12,30cm,large,large,Left,done,D,840,1825,2665,4490
960,80,12,30cm,small,large,Left,done,A,751,1422,2173,3595
961,1,13,30cm,small,large,Right,done,A,649,1421,2070,3491
962,2,13,30cm,large,small,Right,done,B,672,1419,2091,3510
963,3,13,30cm,small,small,Right,done,C,766,1420,2186,3606
964,4,13,30cm,large,large,Right,done,D,847,1423,2270,3693
965,5,13,30cm,small,large,Right,done,A,833,1618,2451,4069
966,6,13,30cm,large,small,Right,done,B,1224,1417,2641,4058
967,7,13,30cm,small,small,Right,done,C,748,1620,2368,3988
968,8,13,30cm,large,large,Right,done,D,701,1621,2322,3943
969,9,13,30cm,small,large,Right,done,A,672,1422,2094,3516
970,10,13,30cm,large,small,Right,done,B,627,1619,2246,3865
971,11,13,30cm,large,small,Right,done,B,763,1419,2182,3601
972,12,13,30cm,small,small,Right,done,C,677,1622,2299,3921
973,13,13,30cm,large,large,Right,done,D,636,1622,2258,3880
974,14,13,30cm,small,large,Right,done,A,742,1420,2162,3582
975,15,13,30cm,large,small,Right,done,B,715,1428,2143,3571
976,16,13,30cm,small,small,Right,done,C,285,2229,2514,4743
977,17,13,30cm,large,small,Right,done,D,608,1220,1828,3048
978,18,13,30cm,small,large,Right,done,A,645,2024,2669,4693
979,19,13,30cm,large,small,Right,done,B,774,2024,2798,4822
980,20,13,30cm,small,small,Right,done,C,723,1824,2547,4371
981,21,13,30cm,small,small,Right,done,C,699,1625,2324,3949
982,22,13,30cm,large,large,Right,done,D,740,1621,2361,3982
983,23,13,30cm,small,large,Right,done,A,692,1822,2514,4336
984,24,13,30cm,large,small,Right,done,B,680,1824,2504,4328
985,25,13,30cm,small,small,Right,done,C,750,2030,2780,4810
986,26,13,30cm,large,large,Right,done,D,755,1418,2173,3591
987,27,13,30cm,small,large,Right,done,A,790,1623,2413,4036
988,28,13,30cm,large,small,Right,done,B,833,1621,2454,4075
989,29,13,30cm,small,small,Right,done,C,636,1826,2462,4288
990,30,13,30cm,large,large,Right,done,D,735,1824,2559,4383
991,31,13,30cm,large,large,Right,done,D,974,1622,2596,4218
992,32,13,30cm,small,large,Right,done,A,1544,1822,3366,5188
993,33,13,30cm,large,small,Right,done,B,774,1825,2599,4424
994,34,13,30cm,small,small,Right,done,C,879,2430,3309,5739
995,35,13,30cm,large,large,Right,done,D,641,2025,2666,4691
996,36,13,30cm,small,large,Right,done,A,1221,2440,3661,6101
997,37,13,30cm,large,small,Right,done,B,860,2022,2882,4904
998,38,13,30cm,small,small,Right,done,C,963,1418,2381,3799
999,39,13,30cm,large,large,Right,done,D,912,2226,3138,5364
1000,40,13,30cm,small,large,Right,done,A,990,2436,3426,5862
1001,41,13,30cm,small,large,Left,done,A,1008,2033,3041,5074
1002,42,13,30cm,large,small,Left,done,B,992,2225,3217,5442
1003,43,13,30cm,small,small,Left,done,C,946,2229,3175,5404
1004,44,13,30cm,large,large,Left,done,D,879,1631,2510,4141
1005,45,13,30cm,small,large,Left,done,A,1074,2227,3301,5528
1006,46,13,30cm,large,small,Left,done,B,691,1620,2311,3931
1007,47,13,30cm,small,small,Left,done,C,1166,1822,2988,4810
1008,48,13,30cm,large,large,Left,done,D,2039,2431,4470,6901
1009,49,13,30cm,small,large,Left,done,A,939,2025,2964,4989
1010,50,13,30cm,large,small,Left,done,B,978,2224,3202,5426
1011,51,13,30cm,large,small,Left,done,B,726,2427,3153,5580
1012,52,13,30cm,small,small,Left,done,C,954,2228,3182,5410
1013,53,13,30cm,large,large,Left,done,D,745,1827,2572,4399
1014,54,13,30cm,small,large,Left,done,A,833,2028,2861,4889
1015,55,13,30cm,large,small,Left,done,B,625,2028,2653,4681
1016,56,13,30cm,small,small,Left,done,C,683,2634,3317,5951
1017,57,13,30cm,large,small,Left,done,D,688,1621,2309,3930
1018,58,13,30cm,small,large,Left,done,A,770,2227,2997,5224
1019,59,13,30cm,large,small,Left,done,B,915,2030,2945,4975
1020,60,13,30cm,small,small,Left,done,C,757,2233,2990,5223
1021,61,13,30cm,small,small,Left,done,C,754,2229,2983,5212
1022,62,13,30cm,large,large,Left,done,D,749,2226,2975,5201
1023,63,13,30cm,small,large,Left,done,A,747,2428,3175,5603
1024,64,13,30cm,large,small,Left,done,B,793,1821,2614,4435
1025,65,13,30cm,small,small,Left,done,C,1286,2030,3316,5346
1026,66,13,30cm,large,large,Left,done,D,1127,2230,3357,5587
1027,67,13,30cm,small,large,Left,done,A,1014,2024,3038,5062
1028,68,13,30cm,large,small,Left,done,B,667,1420,2087,3507
1029,69,13,30cm,small,small,Left,done,C,698,1823,2521,4344
1030,70,13,30cm,large,large,Left,done,D,694,2027,2721,4748
1031,71,13,30cm,large,large,Left,done,D,779,1825,2604,4429
1032,72,13,30cm,small,large,Left,done,A,1088,2430,3518,5948
1033,73,13,30cm,large,small,Left,done,B,1332,2023,3355,5378
1034,74,13,30cm,small,small,Left,done,C,753,2030,2783,4813
1035,75,13,30cm,large,large,Left,done,D,975,1821,2796,4617
1036,76,13,30cm,small,large,Left,done,A,867,1624,2491,4115
1037,77,13,30cm,large,small,Left,done,B,1101,2429,3530,5959
1038,78,13,30cm,small,small,Left,done,C,854,4246,5100,9346
1039,79,13,30cm,large,large,Left,done,D,636,2432,3068,5500
1040,80,13,30cm,small,large,Left,done,A,955,2226,3181,5407
1041,1,14,30cm,small,large,Right,done,A,2231,2025,4256,6281
1042,2,14,30cm,large,small,Right,done,B,1796,2430,4226,6656
1043,3,14,30cm,small,small,Right,done,C,1259,2342,3601,5943
1044,4,14,30cm,large,large,Right,done,D,1348,2831,4179,7010
1045,5,14,30cm,small,large,Right,done,A,1088,1730,2818,4548
1046,6,14,30cm,large,small,Right,done,B,1023,2227,3250,5477
1047,7,14,30cm,small,small,Right,done,C,1165,2024,3189,5213
1048,8,14,30cm,large,large,Right,done,D,1396,2029,3425,5454
1049,9,14,30cm,small,large,Right,done,A,1555,1627,3182,4809
1050,10,14,30cm,large,small,Right,done,B,1075,1824,2899,4723
1051,11,14,30cm,large,small,Right,done,B,996,1828,2824,4652
1052,12,14,30cm,small,small,Right,done,C,1195,2025,3220,5245
1053,13,14,30cm,large,large,Right,done,D,2025,2235,4260,6495
1054,14,14,30cm,small,large,Right,done,A,1103,1421,2524,3945
1055,15,14,30cm,large,small,Right,done,B,796,1823,2619,4442
1056,16,14,30cm,small,small,Right,done,C,706,1823,2529,4352
1057,17,14,30cm,large,small,Right,done,D,1100,3442,4542,7984
1058,18,14,30cm,small,large,Right,done,A,923,1421,2344,3765
1059,19,14,30cm,large,small,Right,done,B,1136,1420,2556,3976
1060,20,14,30cm,small,small,Right,done,C,809,1826,2635,4461
1061,21,14,30cm,small,small,Right,done,C,1009,2028,3037,5065
1062,22,14,30cm,large,large,Right,done,D,899,1823,2722,4545
1063,23,14,30cm,small,large,Right,done,A,859,1621,2480,4101
1064,24,14,30cm,large,small,Right,done,B,1601,1829,3430,5259
1065,25,14,30cm,small,small,Right,done,C,929,1626,2555,4181
1066,26,14,30cm,large,large,Right,done,D,1085,1620,2705,4325
1067,27,14,30cm,small,large,Right,done,A,1024,1621,2645,4266
1068,28,14,30cm,large,small,Right,done,B,898,2431,3329,5760
1069,29,14,30cm,small,small,Right,done,C,1017,1420,2437,3857
1070,30,14,30cm,large,large,Right,done,D,1010,1634,2644,4278
1071,31,14,30cm,large,large,Right,done,D,854,1627,2481,4108
1072,32,14,30cm,small,large,Right,done,A,1098,1623,2721,4344
1073,33,14,30cm,large,small,Right,done,B,855,1623,2478,4101
1074,34,14,30cm,small,small,Right,done,C,916,1420,2336,3756
1075,35,14,30cm,large,large,Right,done,D,1191,2225,3416,5641
1076,36,14,30cm,small,large,Right,done,A,1596,1624,3220,4844
1077,37,14,30cm,large,small,Right,done,B,1095,1822,2917,4739
1078,38,14,30cm,small,small,Right,done,C,992,2027,3019,5046
1079,39,14,30cm,large,large,Right,done,D,1079,2427,3506,5933
1080,40,14,30cm,small,large,Right,done,A,1235,1823,3058,4881
1081,41,14,30cm,small,large,Left,done,A,915,2230,3145,5375
1082,42,14,30cm,large,small,Left,done,B,1289,1619,2908,4527
1083,43,14,30cm,small,small,Left,done,C,962,2428,3390,5818
1084,44,14,30cm,large,large,Left,done,D,917,2023,2940,4963
1085,45,14,30cm,small,large,Left,done,A,920,2023,2943,4966
1086,46,14,30cm,large,small,Left,done,B,1137,2226,3363,5589
1087,47,14,30cm,small,small,Left,done,C,1130,2027,3157,5184
1088,48,14,30cm,large,large,Left,done,D,1206,2023,3229,5252
1089,49,14,30cm,small,large,Left,done,A,1204,2029,3233,5262
1090,50,14,30cm,large,small,Left,done,B,922,2228,3150,5378
1091,51,14,30cm,large,small,Left,done,B,842,2032,2874,4906
1092,52,14,30cm,small,small,Left,done,C,1133,2438,3571,6009
1093,53,14,30cm,large,large,Left,done,D,946,2225,3171,5396
1094,54,14,30cm,small,large,Left,done,A,1067,2029,3096,5125
1095,55,14,30cm,large,small,Left,done,B,1147,1627,2774,4401
1096,56,14,30cm,small,small,Left,done,C,1188,1826,3014,4840
1097,57,14,30cm,large,small,Left,done,D,1630,1623,3253,4876
1098,58,14,30cm,small,large,Left,done,A,854,2229,3083,5312
1099,59,14,30cm,large,small,Left,done,B,1697,1822,3519,5341
1100,60,14,30cm,small,small,Left,done,C,1021,1707,2728,4435
1101,61,14,30cm,small,small,Left,done,C,946,1827,2773,4600
1102,62,14,30cm,large,large,Left,done,D,781,1622,2403,4025
1103,63,14,30cm,small,large,Left,done,A,1341,1830,3171,5001
1104,64,14,30cm,large,small,Left,done,B,857,2026,2883,4909
1105,65,14,30cm,small,small,Left,done,C,1017,2025,3042,5067
1106,66,14,30cm,large,large,Left,done,D,744,1824,2568,4392
1107,67,14,30cm,small,large,Left,done,A,865,1822,2687,4509
1108,68,14,30cm,large,small,Left,done,B,1540,1823,3363,5186
1109,69,14,30cm,small,small,Left,done,C,777,1826,2603,4429
1110,70,14,30cm,large,large,Left,done,D,987,2231,3218,5449
1111,71,14,30cm,large,large,Left,done,D,900,2027,2927,4954
1112,72,14,30cm,small,large,Left,done,A,793,2228,3021,5249
1113,73,14,30cm,large,small,Left,done,B,1091,2023,3114,5137
1114,74,14,30cm,small,small,Left,done,C,873,2229,3102,5331
1115,75,14,30cm,large,large,Left,done,D,1116,2632,3748,6380
1116,76,14,30cm,small,large,Left,done,A,953,2228,3181,5409
1117,77,14,30cm,large,small,Left,done,B,843,1824,2667,4491
1118,78,14,30cm,small,small,Left,done,C,812,2023,2835,4858
1119,79,14,30cm,large,large,Left,done,D,1585,2025,3610,5635
1120,80,14,30cm,small,large,Left,done,A,1221,2024,3245,5269
1121,1,15,30cm,small,large,Right,done,A,811,2229,3040,5269
1122,2,15,30cm,large,small,Right,done,B,732,1824,2556,4380
1123,3,15,30cm,small,small,Right,done,C,614,1621,2235,3856
1124,4,15,30cm,large,large,Right,done,D,659,1624,2283,3907
1125,5,15,30cm,small,large,Right,done,A,587,1218,1805,3023
1126,6,15,30cm,large,small,Right,done,B,652,1418,2070,3488
1127,7,15,30cm,small,small,Right,done,C,663,1420,2083,3503
1128,8,15,30cm,large,large,Right,done,D,705,1622,2327,3949
1129,9,15,30cm,small,large,Right,done,A,690,1621,2311,3932
1130,10,15,30cm,large,small,Right,done,B,691,5660,6351,12011
1131,11,15,30cm,large,small,Right,done,B,642,2022,2664,4686
1132,12,15,30cm,small,small,Right,done,C,758,1222,1980,3202
1133,13,15,30cm,large,large,Right,done,D,759,2431,3190,5621
1134,14,15,30cm,small,large,Right,done,A,755,1623,2378,4001
1135,15,15,30cm,large,small,Right,done,B,577,1216,1793,3009
1136,16,15,30cm,small,small,Right,done,C,649,1627,2276,3903
1137,17,15,30cm,large,small,Right,done,D,888,1218,2106,3324
1138,18,15,30cm,small,large,Right,done,A,603,4246,4849,9095
1139,19,15,30cm,large,small,Right,done,B,845,1619,2464,4083
1140,20,15,30cm,small,small,Right,done,C,1046,1831,2877,4708
1141,21,15,30cm,small,small,Right,done,C,609,1623,2232,3855
1142,22,15,30cm,large,large,Right,done,D,901,2027,2928,4955
1143,23,15,30cm,small,large,Right,done,A,829,1824,2653,4477
1144,24,15,30cm,large,small,Right,done,B,740,2022,2762,4784
1145,25,15,30cm,small,small,Right,done,C,660,1418,2078,3496
1146,26,15,30cm,large,large,Right,done,D,660,1421,2081,3502
1147,27,15,30cm,small,large,Right,done,A,705,1424,2129,3553
1148,28,15,30cm,large,small,Right,done,B,809,1621,2430,4051
1149,29,15,30cm,small,small,Right,done,C,724,1626,2350,3976
1150,30,15,30cm,large,large,Right,done,D,775,1421,2196,3617
1151,31,15,30cm,large,large,Right,done,D,665,1425,2090,3515
1152,32,15,30cm,small,large,Right,done,A,717,2024,2741,4765
1153,33,15,30cm,large,small,Right,done,B,615,1421,2036,3457
1154,34,15,30cm,small,small,Right,done,C,825,1624,2449,4073
1155,35,15,30cm,large,large,Right,done,D,863,1620,2483,4103
1156,36,15,30cm,small,large,Right,done,A,1378,2025,3403,5428
1157,37,15,30cm,large,small,Right,done,B,961,2028,2989,5017
1158,38,15,30cm,small,small,Right,done,C,681,1620,2301,3921
1159,39,15,30cm,large,large,Right,done,D,762,2028,2790,4818
1160,40,15,30cm,small,large,Right,done,A,644,2025,2669,4694
1161,41,15,30cm,small,large,Left,done,A,820,1626,2446,4072
1162,42,15,30cm,large,small,Left,done,B,868,2029,2897,4926
1163,43,15,30cm,small,small,Left,done,C,862,2023,2885,4908
1164,44,15,30cm,large,large,Left,done,D,707,1824,2531,4355
1165,45,15,30cm,small,large,Left,done,A,723,2032,2755,4787
1166,46,15,30cm,large,small,Left,done,B,771,1626,2397,4023
1167,47,15,30cm,small,small,Left,done,C,615,1827,2442,4269
1168,48,15,30cm,large,large,Left,done,D,764,5054,5818,10872
1169,49,15,30cm,small,large,Left,done,A,1257,2431,3688,6119
1170,50,15,30cm,large,small,Left,done,B,752,2228,2980,5208
1171,51,15,30cm,large,small,Left,done,B,540,2229,2769,4998
1172,52,15,30cm,small,small,Left,done,C,1134,2430,3564,5994
1173,53,15,30cm,large,large,Left,done,D,718,2225,2943,5168
1174,54,15,30cm,small,large,Left,done,A,676,1821,2497,4318
1175,55,15,30cm,large,small,Left,done,B,535,1628,2163,3791
1176,56,15,30cm,small,small,Left,done,C,642,1831,2473,4304
1177,57,15,30cm,large,small,Left,done,D,827,2428,3255,5683
1178,58,15,30cm,small,large,Left,done,A,747,1823,2570,4393
1179,59,15,30cm,large,small,Left,done,B,692,1827,2519,4346
1180,60,15,30cm,small,small,Left,done,C,621,1419,2040,3459
1181,61,15,30cm,small,small,Left,done,C,810,2229,3039,5268
1182,62,15,30cm,large,large,Left,done,D,534,2226,2760,4986
1183,63,15,30cm,small,large,Left,done,A,596,1822,2418,4240
1184,64,15,30cm,large,small,Left,done,B,611,1623,2234,3857
1185,65,15,30cm,small,small,Left,done,C,697,2024,2721,4745
1186,66,15,30cm,large,large,Left,done,D,859,1825,2684,4509
1187,67,15,30cm,small,large,Left,done,A,737,1820,2557,4377
1188,68,15,30cm,large,small,Left,done,B,717,1620,2337,3957
1189,69,15,30cm,small,small,Left,done,C,779,2022,2801,4823
1190,70,15,30cm,large,large,Left,done,D,1006,3033,4039,7072
1191,71,15,30cm,large,large,Left,done,D,550,1619,2169,3788
1192,72,15,30cm,small,large,Left,done,A,843,1827,2670,4497
1193,73,15,30cm,large,small,Left,done,B,1294,2027,3321,5348
1194,74,15,30cm,small,small,Left,done,C,889,1823,2712,4535
1195,75,15,30cm,large,large,Left,done,D,863,2229,3092,5321
1196,76,15,30cm,small,large,Left,done,A,862,2243,3105,5348
1197,77,15,30cm,large,small,Left,done,B,942,2225,3167,5392
1198,78,15,30cm,small,small,Left,done,C,755,1827,2582,4409
1199,79,15,30cm,large,large,Left,done,D,913,1624,2537,4161
1200,80,15,30cm,small,large,Left,done,A,596,1619,2215,3834
1201,1,1,30cm,small,large,Right,Done,A,495,2231,2025,4256
1202,2,1,30cm,large,small,Right,Done,B,525,1796,2430,4226
1203,3,1,30cm,small,small,Right,Done,C,460,1259,2342,3601
1204,4,1,30cm,large,large,Right,Done,D,533,1348,2831,4179
1205,5,1,30cm,small,large,Right,Done,A,906,1088,1730,2818
1206,6,1,30cm,large,small,Right,Done,B,1014,1023,2227,3250
1207,7,1,30cm,small,small,Right,Done,C,475,1165,2024,3189
1208,8,1,30cm,large,large,Right,Done,D,551,1396,2029,3425
1209,9,1,30cm,small,large,Right,Done,A,685,1555,1627,3182
1210,10,1,30cm,large,small,Right,Done,B,912,1075,1824,2899
1211,11,1,30cm,large,small,Right,Done,B,780,996,1828,2824
1212,12,1,30cm,small,small,Right,Done,C,438,1195,2025,3220
1213,13,1,30cm,large,large,Right,Done,D,795,2025,2235,4260
1214,14,1,30cm,small,large,Right,Done,A,1035,1103,1421,2524
1215,15,1,30cm,large,small,Right,Done,B,466,796,1823,2619
1216,16,1,30cm,small,small,Right,Done,C,661,706,1823,2529
1217,17,1,30cm,large,small,Right,Done,D,590,1100,3442,4542
1218,18,1,30cm,small,large,Right,Done,A,703,923,1421,2344
1219,19,1,30cm,large,small,Right,Done,B,594,1136,1420,2556
1220,20,1,30cm,small,small,Right,Done,C,608,809,1826,2635
1221,21,1,30cm,small,small,Right,Done,C,649,1009,2028,3037
1222,22,1,30cm,large,large,Right,Done,D,1099,899,1823,2722
1223,23,1,30cm,small,large,Right,Done,A,937,859,1621,2480
1224,24,1,30cm,large,small,Right,Done,B,605,1601,1829,3430
1225,25,1,30cm,small,small,Right,Done,C,459,929,1626,2555
1226,26,1,30cm,large,large,Right,Done,D,759,1085,1620,2705
1227,27,1,30cm,small,large,Right,Done,A,816,1024,1621,2645
1228,28,1,30cm,large,small,Right,Done,B,1030,898,2431,3329
1229,29,1,30cm,small,small,Right,Done,C,434,1017,1420,2437
1230,30,1,30cm,large,large,Right,Done,D,622,1010,1634,2644
1231,31,1,30cm,large,large,Right,Done,D,552,854,1627,2481
1232,32,1,30cm,small,large,Right,Done,A,556,1098,1623,2721
1233,33,1,30cm,large,small,Right,Done,B,571,855,1623,2478
1234,34,1,30cm,small,small,Right,Done,C,1031,916,1420,2336
1235,35,1,30cm,large,large,Right,Done,D,634,1191,2225,3416
1236,36,1,30cm,small,large,Right,Done,A,297,1596,1624,3220
1237,37,1,30cm,large,small,Right,Done,B,611,1095,1822,2917
1238,38,1,30cm,small,small,Right,Done,C,902,992,2027,3019
1239,39,1,30cm,large,large,Right,Done,D,872,1079,2427,3506
1240,40,1,30cm,small,large,Right,Done,A,623,1235,1823,3058
1241,41,1,30cm,small,large,Left,Done,A,780,915,2230,3145
1242,42,1,30cm,large,small,Left,Done,B,1262,1289,1619,2908
1243,43,1,30cm,small,small,Left,Done,C,513,962,2428,3390
1244,44,1,30cm,large,large,Left,Done,D,374,917,2023,2940
1245,45,1,30cm,small,large,Left,Done,A,530,920,2023,2943
1246,46,1,30cm,large,small,Left,Done,B,656,1137,2226,3363
1247,47,1,30cm,small,small,Left,Done,C,499,1130,2027,3157
1248,48,1,30cm,large,large,Left,Done,D,345,1206,2023,3229
1249,49,1,30cm,small,large,Left,Done,A,652,1204,2029,3233
1250,50,1,30cm,large,small,Left,Done,B,534,922,2228,3150
1251,51,1,30cm,large,small,Left,Done,B,394,842,2032,2874
1252,52,1,30cm,small,small,Left,Done,C,434,1133,2438,3571
1253,53,1,30cm,large,large,Left,Done,D,527,946,2225,3171
1254,54,1,30cm,small,large,Left,Done,A,386,1067,2029,3096
1255,55,1,30cm,large,small,Left,Done,B,660,1147,1627,2774
1256,56,1,30cm,small,small,Left,Done,C,531,1188,1826,3014
1257,57,1,30cm,large,small,Left,Done,D,643,1630,1623,3253
1258,58,1,30cm,small,large,Left,Done,A,678,854,2229,3083
1259,59,1,30cm,large,small,Left,Done,B,2419,1697,1822,3519
1260,60,1,30cm,small,small,Left,Done,C,1348,1021,1707,2728
1261,61,1,30cm,small,small,Left,Done,C,512,946,1827,2773
1262,62,1,30cm,large,large,Left,Done,D,1641,781,1622,2403
1263,63,1,30cm,small,large,Left,Done,A,448,1341,1830,3171
1264,64,1,30cm,large,small,Left,Done,B,585,857,2026,2883
1265,65,1,30cm,small,small,Left,Done,C,639,1017,2025,3042
1266,66,1,30cm,large,large,Left,Done,D,366,744,1824,2568
1267,67,1,30cm,small,large,Left,Done,A,563,865,1822,2687
1268,68,1,30cm,large,small,Left,Done,B,531,1540,1823,3363
1269,69,1,30cm,small,small,Left,Done,C,552,777,1826,2603
1270,70,1,30cm,large,large,Left,Done,D,823,987,2231,3218
1271,71,1,30cm,large,large,Left,Done,D,949,900,2027,2927
1272,72,1,30cm,small,large,Left,Done,A,672,793,2228,3021
1273,73,1,30cm,large,small,Left,Done,B,432,1091,2023,3114
1274,74,1,30cm,small,small,Left,Done,C,573,873,2229,3102
1275,75,1,30cm,large,large,Left,Done,D,738,1116,2632,3748
1276,76,1,30cm,small,large,Left,Done,A,427,953,2228,3181
1277,77,1,30cm,large,small,Left,Done,B,802,843,1824,2667
1278,78,1,30cm,small,small,Left,Done,C,400,812,2023,2835
1279,79,1,30cm,large,large,Left,Done,D,711,1585,2025,3610
1280,80,1,30cm,small,large,Left,Done,A,832,1221,2024,3245
1281,81,2,30cm,small,large,Right,Done,A,318,811,2229,3040
1282,82,2,30cm,large,small,Right,Done,B,1003,732,1824,2556
1283,83,2,30cm,small,small,Right,Done,C,535,614,1621,2235
1284,84,2,30cm,large,large,Right,Done,D,399,659,1624,2283
1285,85,2,30cm,small,large,Right,Done,A,259,587,1218,1805
1286,86,2,30cm,large,small,Right,Done,B,459,652,1418,2070
1287,87,2,30cm,small,small,Right,Done,C,658,663,1420,2083
1288,88,2,30cm,large,large,Right,Done,D,383,705,1622,2327
1289,89,2,30cm,small,large,Right,Done,A,374,690,1621,2311
1290,90,2,30cm,large,small,Right,Done,B,279,691,5660,6351
1291,91,2,30cm,large,small,Right,Done,B,2296,642,2022,2664
1292,92,2,30cm,small,small,Right,Done,C,357,758,1222,1980
1293,93,2,30cm,large,large,Right,Done,D,819,759,2431,3190
1294,94,2,30cm,small,large,Right,Done,A,302,755,1623,2378
1295,95,2,30cm,large,small,Right,Done,B,565,577,1216,1793
1296,96,2,30cm,small,small,Right,Done,C,489,649,1627,2276
1297,97,2,30cm,large,small,Right,Done,D,775,888,1218,2106
1298,98,2,30cm,small,large,Right,Done,A,363,603,4246,4849
1299,99,2,30cm,large,small,Right,Done,B,502,845,1619,2464
1300,100,2,30cm,small,small,Right,Done,C,360,1046,1831,2877
1301,101,2,30cm,small,small,Right,Done,C,293,609,1623,2232
1302,102,2,30cm,large,large,Right,Done,D,638,901,2027,2928
1303,103,2,30cm,small,large,Right,Done,A,343,829,1824,2653
1304,104,2,30cm,large,small,Right,Done,B,717,740,2022,2762
1305,105,2,30cm,small,small,Right,Done,C,383,660,1418,2078
1306,106,2,30cm,large,large,Right,Done,D,391,660,1421,2081
1307,107,2,30cm,small,large,Right,Done,A,412,705,1424,2129
1308,108,2,30cm,large,small,Right,Done,B,267,809,1621,2430
1309,109,2,30cm,small,small,Right,Done,C,733,724,1626,2350
1310,110,2,30cm,large,large,Right,Done,D,271,775,1421,2196
1311,111,2,30cm,large,large,Right,Done,D,837,665,1425,2090
1312,112,2,30cm,small,large,Right,Done,A,497,717,2024,2741
1313,113,2,30cm,large,small,Right,Done,B,278,615,1421,2036
1314,114,2,30cm,small,small,Right,Done,C,545,825,1624,2449
1315,115,2,30cm,large,large,Right,Done,D,419,863,1620,2483
1316,116,2,30cm,small,large,Right,Done,A,397,1378,2025,3403
1317,117,2,30cm,large,small,Right,Done,B,7,961,2028,2989
1318,118,2,30cm,small,small,Right,Done,C,423,681,1620,2301
1319,119,2,30cm,large,large,Right,Done,D,676,762,2028,2790
1320,120,2,30cm,small,large,Right,Done,A,315,644,2025,2669
1321,121,2,30cm,small,large,Left,Done,A,331,820,1626,2446
1322,122,2,30cm,large,small,Left,Done,B,511,868,2029,2897
1323,123,2,30cm,small,small,Left,Done,C,419,862,2023,2885
1324,124,2,30cm,large,large,Left,Done,D,552,707,1824,2531
1325,125,2,30cm,small,large,Left,Done,A,426,723,2032,2755
1326,126,2,30cm,large,small,Left,Done,B,556,771,1626,2397
1327,127,2,30cm,small,small,Left,Done,C,370,615,1827,2442
1328,128,2,30cm,large,large,Left,Done,D,303,764,5054,5818
1329,129,2,30cm,small,large,Left,Done,A,477,1257,2431,3688
1330,130,2,30cm,large,small,Left,Done,B,255,752,2228,2980
1331,131,2,30cm,large,small,Left,Done,B,750,540,2229,2769
1332,132,2,30cm,small,small,Left,Done,C,248,1134,2430,3564
1333,133,2,30cm,large,large,Left,Done,D,234,718,2225,2943
1334,134,2,30cm,small,large,Left,Done,A,262,676,1821,2497
1335,135,2,30cm,large,small,Left,Done,B,541,535,1628,2163
1336,136,2,30cm,small,small,Left,Done,C,398,642,1831,2473
1337,137,2,30cm,large,small,Left,Done,D,512,827,2428,3255
1338,138,2,30cm,small,large,Left,Done,A,306,747,1823,2570
1339,139,2,30cm,large,small,Left,Done,B,317,692,1827,2519
1340,140,2,30cm,small,small,Left,Done,C,421,621,1419,2040
1341,141,2,30cm,small,small,Left,Done,C,377,810,2229,3039
1342,142,2,30cm,large,large,Left,Done,D,262,534,2226,2760
1343,143,2,30cm,small,large,Left,Done,A,232,596,1822,2418
1344,144,2,30cm,large,small,Left,Done,B,249,611,1623,2234
1345,145,2,30cm,small,small,Left,Done,C,274,697,2024,2721
1346,146,2,30cm,large,large,Left,Done,D,230,859,1825,2684
1347,147,2,30cm,small,large,Left,Done,A,312,737,1820,2557
1348,148,2,30cm,large,small,Left,Done,B,490,717,1620,2337
1349,149,2,30cm,small,small,Left,Done,C,308,779,2022,2801
1350,150,2,30cm,large,large,Left,Done,D,515,1006,3033,4039
1351,151,2,30cm,large,large,Left,Done,D,549,550,1619,2169
1352,152,2,30cm,small,large,Left,Done,A,402,843,1827,2670
1353,153,2,30cm,large,small,Left,Done,B,571,1294,2027,3321
1354,154,2,30cm,small,small,Left,Done,C,541,889,1823,2712
1355,155,2,30cm,large,large,Left,Done,D,382,863,2229,3092
1356,156,2,30cm,small,large,Left,Done,A,759,862,2243,3105
1357,157,2,30cm,large,small,Left,Done,B,467,942,2225,3167
1358,158,2,30cm,small,small,Left,Done,C,593,755,1827,2582
1359,159,2,30cm,large,large,Left,Done,D,871,913,1624,2537
1360,160,2,30cm,small,large,Left,Done,A,1298,596,1619,2215
1361,161,3,30cm,small,large,Right,Done,A,577,1791,2022,3813
1362,162,3,30cm,large,small,Right,Done,B,784,826,1621,2447
1363,163,3,30cm,small,small,Right,Done,C,4,4361,1628,5989
1364,164,3,30cm,large,large,Right,Done,D,553,981,1820,2801
1365,165,3,30cm,small,large,Right,Done,A,354,913,1627,2540
1366,166,3,30cm,large,small,Right,Done,B,259,900,2027,2927
1367,167,3,30cm,small,small,Right,Done,C,338,956,1620,2576
1368,168,3,30cm,large,large,Right,Done,D,329,925,1825,2750
1369,169,3,30cm,small,large,Right,Done,A,390,891,1417,2308
1370,170,3,30cm,large,small,Right,Done,B,378,946,1821,2767
1371,171,3,30cm,large,small,Right,Done,B,345,830,1622,2452
1372,172,3,30cm,small,small,Right,Done,C,431,926,2435,3361
1373,173,3,30cm,large,large,Right,Done,D,648,874,1826,2700
1374,174,3,30cm,small,large,Right,Done,A,374,1178,2025,3203
1375,175,3,30cm,large,small,Right,Done,B,333,641,1826,2467
1376,176,3,30cm,small,small,Right,Done,C,326,795,1627,2422
1377,177,3,30cm,large,small,Right,Done,D,434,808,1418,2226
1378,178,3,30cm,small,large,Right,Done,A,470,685,1621,2306
1379,179,3,30cm,large,small,Right,Done,B,286,759,1420,2179
1380,180,3,30cm,small,small,Right,Done,C,294,790,1625,2415
1381,181,3,30cm,small,small,Right,Done,C,288,731,1826,2557
1382,182,3,30cm,large,large,Right,Done,D,285,740,1823,2563
1383,183,3,30cm,small,large,Right,Done,A,271,628,1830,2458
1384,184,3,30cm,large,small,Right,Done,B,759,940,1626,2566
1385,185,3,30cm,small,small,Right,Done,C,266,782,1620,2402
1386,186,3,30cm,large,large,Right,Done,D,306,837,1620,2457
1387,187,3,30cm,small,large,Right,Done,A,275,630,1628,2258
1388,188,3,30cm,large,small,Right,Done,B,329,787,2023,2810
1389,189,3,30cm,small,small,Right,Done,C,276,785,1418,2203
1390,190,3,30cm,large,large,Right,Done,D,263,803,1623,2426
1391,191,3,30cm,large,large,Right,Done,D,319,755,1620,2375
1392,192,3,30cm,small,large,Right,Done,A,302,794,1624,2418
1393,193,3,30cm,large,small,Right,Done,B,297,2728,1218,3946
1394,194,3,30cm,small,small,Right,Done,C,313,816,1419,2235
1395,195,3,30cm,large,large,Right,Done,D,231,1192,1620,2812
1396,196,3,30cm,small,large,Right,Done,A,321,1039,2026,3065
1397,197,3,30cm,large,small,Right,Done,B,309,904,1822,2726
1398,198,3,30cm,small,small,Right,Done,C,250,1066,1621,2687
1399,199,3,30cm,large,large,Right,Done,D,284,959,1824,2783
1400,200,3,30cm,small,large,Right,Done,A,279,758,1824,2582
1401,201,3,30cm,small,large,Left,Done,A,433,831,1827,2658
1402,202,3,30cm,large,small,Left,Done,B,296,902,2226,3128
1403,203,3,30cm,small,small,Left,Done,C,389,921,2031,2952
1404,204,3,30cm,large,large,Left,Done,D,282,915,1824,2739
1405,205,3,30cm,small,large,Left,Done,A,275,853,2231,3084
1406,206,3,30cm,large,small,Left,Done,B,287,1288,1824,3112
1407,207,3,30cm,small,small,Left,Done,C,329,788,1829,2617
1408,208,3,30cm,large,large,Left,Done,D,324,979,2029,3008
1409,209,3,30cm,small,large,Left,Done,A,334,1178,2227,3405
1410,210,3,30cm,large,small,Left,Done,B,298,1068,2023,3091
1411,211,3,30cm,large,small,Left,Done,B,314,917,1620,2537
1412,212,3,30cm,small,small,Left,Done,C,313,905,2026,2931
1413,213,3,30cm,large,large,Left,Done,D,382,816,1823,2639
1414,214,3,30cm,small,large,Left,Done,A,242,884,2026,2910
1415,215,3,30cm,large,small,Left,Done,B,314,983,2024,3007
1416,216,3,30cm,small,small,Left,Done,C,298,953,2023,2976
1417,217,3,30cm,large,small,Left,Done,D,829,1278,1824,3102
1418,218,3,30cm,small,large,Left,Done,A,296,749,1825,2574
1419,219,3,30cm,large,small,Left,Done,B,354,774,2026,2800
1420,220,3,30cm,small,small,Left,Done,C,277,951,2026,2977
1421,221,3,30cm,small,small,Left,Done,C,373,964,1825,2789
1422,222,3,30cm,large,large,Left,Done,D,321,861,1827,2688
1423,223,3,30cm,small,large,Left,Done,A,308,1089,1625,2714
1424,224,3,30cm,large,small,Left,Done,B,311,894,2028,2922
1425,225,3,30cm,small,small,Left,Done,C,298,835,1824,2659
1426,226,3,30cm,large,large,Left,Done,D,341,896,2429,3325
1427,227,3,30cm,small,large,Left,Done,A,310,1549,1830,3379
1428,228,3,30cm,large,small,Left,Done,B,293,1028,1622,2650
1429,229,3,30cm,small,small,Left,Done,C,288,746,1832,2578
1430,230,3,30cm,large,large,Left,Done,D,299,803,2030,2833
1431,231,3,30cm,large,large,Left,Done,D,354,716,1824,2540
1432,232,3,30cm,small,large,Left,Done,A,303,875,1825,2700
1433,233,3,30cm,large,small,Left,Done,B,306,989,2025,3014
1434,234,3,30cm,small,small,Left,Done,C,350,769,2025,2794
1435,235,3,30cm,large,large,Left,Done,D,311,868,2023,2891
1436,236,3,30cm,small,large,Left,Done,A,351,832,2023,2855
1437,237,3,30cm,large,small,Left,Done,B,308,1004,2230,3234
1438,238,3,30cm,small,small,Left,Done,C,291,838,1826,2664
1439,239,3,30cm,large,large,Left,Done,D,343,1089,1825,2914
1440,240,3,30cm,small,large,Left,Done,A,338,1078,1824,2902
1441,241,4,30cm,small,large,Right,Done,A,550,1034,1420,2454
1442,242,4,30cm,large,small,Right,Done,B,501,1020,1623,2643
1443,243,4,30cm,small,small,Right,Done,C,870,737,1221,1958
1444,244,4,30cm,large,large,Right,Done,D,922,913,1419,2332
1445,245,4,30cm,small,large,Right,Done,A,315,706,1219,1925
1446,246,4,30cm,large,small,Right,Done,B,578,688,2024,2712
1447,247,4,30cm,small,small,Right,Done,C,401,842,1218,2060
1448,248,4,30cm,large,large,Right,Done,D,448,1210,1424,2634
1449,249,4,30cm,small,large,Right,Done,A,1082,861,1213,2074
1450,250,4,30cm,large,small,Right,Done,B,384,727,1827,2554
1451,251,4,30cm,large,small,Right,Done,B,615,866,1622,2488
1452,252,4,30cm,small,small,Right,Done,C,648,765,3838,4603
1453,253,4,30cm,large,large,Right,Done,D,468,1049,2030,3079
1454,254,4,30cm,small,large,Right,Done,A,396,764,1619,2383
1455,255,4,30cm,large,small,Right,Done,B,1215,763,1822,2585
1456,256,4,30cm,small,small,Right,Done,C,981,848,2426,3274
1457,257,4,30cm,large,small,Right,Done,D,661,564,2429,2993
1458,258,4,30cm,small,large,Right,Done,A,1014,1183,1214,2397
1459,259,4,30cm,large,small,Right,Done,B,492,897,1421,2318
1460,260,4,30cm,small,small,Right,Done,C,598,971,1420,2391
1461,261,4,30cm,small,small,Right,Done,C,1282,663,1216,1879
1462,262,4,30cm,large,large,Right,Done,D,809,802,1826,2628
1463,263,4,30cm,small,large,Right,Done,A,666,762,1217,1979
1464,264,4,30cm,large,small,Right,Done,B,1450,860,1217,2077
1465,265,4,30cm,small,small,Right,Done,C,637,579,1424,2003
1466,266,4,30cm,large,large,Right,Done,D,319,818,2026,2844
1467,267,4,30cm,small,large,Right,Done,A,863,812,3036,3848
1468,268,4,30cm,large,small,Right,Done,B,940,781,1428,2209
1469,269,4,30cm,small,small,Right,Done,C,1254,760,1014,1774
1470,270,4,30cm,large,large,Right,Done,D,352,828,1419,2247
1471,271,4,30cm,large,large,Right,Done,D,515,748,1422,2170
1472,272,4,30cm,small,large,Right,Done,A,495,969,1421,2390
1473,273,4,30cm,large,small,Right,Done,B,1204,705,1012,1717
1474,274,4,30cm,small,small,Right,Done,C,747,794,1222,2016
1475,275,4,30cm,large,large,Right,Done,D,461,1017,1622,2639
1476,276,4,30cm,small,large,Right,Done,A,541,1213,2031,3244
1477,277,4,30cm,large,small,Right,Done,B,356,883,2027,2910
1478,278,4,30cm,small,small,Right,Done,C,330,824,10719,11543
1479,279,4,30cm,large,large,Right,Done,D,890,967,1421,2388
1480,280,4,30cm,small,large,Right,Done,A,588,650,2231,2881
1481,281,4,30cm,small,large,Left,Done,A,512,2084,3234,5318
1482,282,4,30cm,large,small,Left,Done,B,487,995,1419,2414
1483,283,4,30cm,small,small,Left,Done,C,602,1039,2225,3264
1484,284,4,30cm,large,large,Left,Done,D,401,799,2024,2823
1485,285,4,30cm,small,large,Left,Done,A,507,778,1827,2605
1486,286,4,30cm,large,small,Left,Done,B,575,865,1419,2284
1487,287,4,30cm,small,small,Left,Done,C,563,768,1623,2391
1488,288,4,30cm,large,large,Left,Done,D,415,924,1420,2344
1489,289,4,30cm,small,large,Left,Done,A,442,1281,1828,3109
1490,290,4,30cm,large,small,Left,Done,B,1440,851,1620,2471
1491,291,4,30cm,large,small,Left,Done,B,546,907,1418,2325
1492,292,4,30cm,small,small,Left,Done,C,539,864,5456,6320
1493,293,4,30cm,large,large,Left,Done,D,329,697,3435,4132
1494,294,4,30cm,small,large,Left,Done,A,804,895,2030,2925
1495,295,4,30cm,large,small,Left,Done,B,364,769,2032,2801
1496,296,4,30cm,small,small,Left,Done,C,596,883,1219,2102
1497,297,4,30cm,large,small,Left,Done,D,357,1122,1619,2741
1498,298,4,30cm,small,large,Left,Done,A,357,885,3035,3920
1499,299,4,30cm,large,small,Left,Done,B,429,994,1830,2824
1500,300,4,30cm,small,small,Left,Done,C,347,718,2024,2742
1501,301,4,30cm,small,small,Left,Done,C,611,719,1626,2345
1502,302,4,30cm,large,large,Left,Done,D,348,596,3244,3840
1503,303,4,30cm,small,large,Left,Done,A,468,1253,1822,3075
1504,304,4,30cm,large,small,Left,Done,B,435,1147,1826,2973
1505,305,4,30cm,small,small,Left,Done,C,491,1091,2431,3522
1506,306,4,30cm,large,large,Left,Done,D,561,801,2225,3026
1507,307,4,30cm,small,large,Left,Done,A,603,960,1823,2783
1508,308,4,30cm,large,small,Left,Done,B,587,771,1222,1993
1509,309,4,30cm,small,small,Left,Done,C,442,985,2029,3014
1510,310,4,30cm,large,large,Left,Done,D,328,951,1625,2576
1511,311,4,30cm,large,large,Left,Done,D,444,643,2637,3280
1512,312,4,30cm,small,large,Left,Done,A,511,795,1820,2615
1513,313,4,30cm,large,small,Left,Done,B,511,829,1625,2454
1514,314,4,30cm,small,small,Left,Done,C,343,948,1417,2365
1515,315,4,30cm,large,large,Left,Done,D,343,1206,1824,3030
1516,316,4,30cm,small,large,Left,Done,A,693,756,1422,2178
1517,317,4,30cm,large,small,Left,Done,B,312,703,2630,3333
1518,318,4,30cm,small,small,Left,Done,C,308,843,1417,2260
1519,319,4,30cm,large,large,Left,Done,D,785,1007,1224,2231
1520,320,4,30cm,small,large,Left,Done,A,799,933,1417,2350
1521,321,5,30cm,small,large,Right,Done,A,643,995,1425,2420
1522,322,5,30cm,large,small,Right,Done,B,271,967,2229,3196
1523,323,5,30cm,small,small,Right,Done,C,404,939,1417,2356
1524,324,5,30cm,large,large,Right,Done,D,364,796,1420,2216
1525,325,5,30cm,small,large,Right,Done,A,314,681,1215,1896
1526,326,5,30cm,large,small,Right,Done,B,318,760,1216,1976
1527,327,5,30cm,small,small,Right,Done,C,326,643,1623,2266
1528,328,5,30cm,large,large,Right,Done,D,259,773,1622,2395
1529,329,5,30cm,small,large,Right,Done,A,390,639,1420,2059
1530,330,5,30cm,large,small,Right,Done,B,341,740,1417,2157
1531,331,5,30cm,large,small,Right,Done,B,479,1028,1218,2246
1532,332,5,30cm,small,small,Right,Done,C,310,836,1217,2053
1533,333,5,30cm,large,large,Right,Done,D,385,752,2224,2976
1534,334,5,30cm,small,large,Right,Done,A,309,825,1422,2247
1535,335,5,30cm,large,small,Right,Done,B,285,835,1420,2255
1536,336,5,30cm,small,small,Right,Done,C,439,601,1415,2016
1537,337,5,30cm,large,small,Right,Done,D,341,808,1226,2034
1538,338,5,30cm,small,large,Right,Done,A,295,563,2027,2590
1539,339,5,30cm,large,small,Right,Done,B,295,702,1619,2321
1540,340,5,30cm,small,small,Right,Done,C,368,837,1418,2255
1541,341,5,30cm,small,small,Right,Done,C,357,743,1422,2165
1542,342,5,30cm,large,large,Right,Done,D,315,806,1421,2227
1543,343,5,30cm,small,large,Right,Done,A,317,661,1221,1882
1544,344,5,30cm,large,small,Right,Done,B,371,1080,1418,2498
1545,345,5,30cm,small,small,Right,Done,C,264,641,1217,1858
1546,346,5,30cm,large,large,Right,Done,D,295,792,1426,2218
1547,347,5,30cm,small,large,Right,Done,A,296,750,1420,2170
1548,348,5,30cm,large,small,Right,Done,B,292,742,1224,1966
1549,349,5,30cm,small,small,Right,Done,C,298,764,1218,1982
1550,350,5,30cm,large,large,Right,Done,D,355,648,2226,2874
1551,351,5,30cm,large,large,Right,Done,D,311,1163,1439,2602
1552,352,5,30cm,small,large,Right,Done,A,316,875,1417,2292
1553,353,5,30cm,large,small,Right,Done,B,315,715,1216,1931
1554,354,5,30cm,small,small,Right,Done,C,332,914,1218,2132
1555,355,5,30cm,large,large,Right,Done,D,266,1153,1417,2570
1556,356,5,30cm,small,large,Right,Done,A,340,958,1848,2806
1557,357,5,30cm,large,small,Right,Done,B,323,847,1823,2670
1558,358,5,30cm,small,small,Right,Done,C,740,808,1420,2228
1559,359,5,30cm,large,large,Right,Done,D,250,907,1622,2529
1560,360,5,30cm,small,large,Right,Done,A,387,891,1622,2513
1561,361,5,30cm,small,large,Left,Done,A,392,1037,2428,3465
1562,362,5,30cm,large,small,Left,Done,B,418,839,1417,2256
1563,363,5,30cm,small,small,Left,Done,C,334,1755,1821,3576
1564,364,5,30cm,large,large,Left,Done,D,327,622,1419,2041
1565,365,5,30cm,small,large,Left,Done,A,297,674,1626,2300
1566,366,5,30cm,large,small,Left,Done,B,388,1368,1421,2789
1567,367,5,30cm,small,small,Left,Done,C,329,834,1215,2049
1568,368,5,30cm,large,large,Left,Done,D,291,896,4249,5145
1569,369,5,30cm,small,large,Left,Done,A,275,896,1837,2733
1570,370,5,30cm,large,small,Left,Done,B,287,1089,1624,2713
1571,371,5,30cm,large,small,Left,Done,B,302,654,1418,2072
1572,372,5,30cm,small,small,Left,Done,C,429,784,1619,2403
1573,373,5,30cm,large,large,Left,Done,D,279,821,1418,2239
1574,374,5,30cm,small,large,Left,Done,A,1267,701,2024,2725
1575,375,5,30cm,large,small,Left,Done,B,321,808,1620,2428
1576,376,5,30cm,small,small,Left,Done,C,286,704,1215,1919
1577,377,5,30cm,large,small,Left,Done,D,360,1423,1420,2843
1578,378,5,30cm,small,large,Left,Done,A,268,700,1415,2115
1579,379,5,30cm,large,small,Left,Done,B,283,553,1822,2375
1580,380,5,30cm,small,small,Left,Done,C,193,691,1215,1906
1581,381,5,30cm,small,small,Left,Done,C,336,804,1420,2224
1582,382,5,30cm,large,large,Left,Done,D,350,686,1621,2307
1583,383,5,30cm,small,large,Left,Done,A,272,819,1217,2036
1584,384,5,30cm,large,small,Left,Done,B,278,770,1216,1986
1585,385,5,30cm,small,small,Left,Done,C,420,598,1627,2225
1586,386,5,30cm,large,large,Left,Done,D,340,630,1420,2050
1587,387,5,30cm,small,large,Left,Done,A,265,858,1419,2277
1588,388,5,30cm,large,small,Left,Done,B,298,1021,1418,2439
1589,389,5,30cm,small,small,Left,Done,C,279,836,1624,2460
1590,390,5,30cm,large,large,Left,Done,D,274,907,2024,2931
1591,391,5,30cm,large,large,Left,Done,D,298,536,1822,2358
1592,392,5,30cm,small,large,Left,Done,A,399,881,1430,2311
1593,393,5,30cm,large,small,Left,Done,B,476,952,1510,2462
1594,394,5,30cm,small,small,Left,Done,C,285,1129,1546,2675
1595,395,5,30cm,large,large,Left,Done,D,319,930,2635,3565
1596,396,5,30cm,small,large,Left,Done,A,219,916,1827,2743
1597,397,5,30cm,large,small,Left,Done,B,294,1274,2227,3501
1598,398,5,30cm,small,small,Left,Done,C,384,959,4246,5205
1599,399,5,30cm,large,large,Left,Done,D,313,999,1215,2214
1600,400,5,30cm,small,large,Left,Done,A,311,990,2830,3820
